Workbook
Name table1: 'Engine Deck'!#REF!

Sheet A320 Wing
A1: Wing Planform
A2: Span (m) | B2: Area (m^2) | C2: Root Chord (m) | D2: Tip Chord (m)
A3: 34.32 | B3: 124.02 | C3: 6.18 | D3: 1.05
A4: Mean Chord (m) | B4: AR | C4: Average 1/4 Chord Sweep (rad)
A5: 4.32 | B5: =A3^2/B3 -> 9.4973585 | C5: =25*PI()/180 -> 0.43633231
A7: Sections
A8: Section Number | B8: 0 (Fuselage) | C8: 1 (Root) | D8: 2 (Kink) | E8: 3 (Tip)
A9: Chord (m) | B9: 6.1810481 | C9: 6.1810481 | D9: 4.4345343 | E9: 1.0507782
A10: Spanwise Location (m) | B10: 0 | C10: 1.9839934 | D10: 5.1487331 | E10: 17.162444
A11: LE Sweep (rad) | B11: - | C11: =31.14*PI()/180 -> 0.54349553 | D11: =28.22*PI()/180 -> 0.49253191 | E11: =28.22*PI()/180 -> 0.49253191
A12: t/c | B12: 0.15 | C12: 0.15 | D12: 0.1368 | E12: 0.0865
A14: Wing Location
A15: x (m) | B15: y (m) | C15: z (m)
A16: 12.423654 | B16: 0 | C16: -1.2330717
A17: CoG x (m) | B17: CoG y (m) | C17: CoG z (m)
A18: 16.39 | B18: 0 | C18: -0.92
A19: Aerodynamic Center x(m)
A20: 15.6 | C20: 15.6
A21: Incidence Angle (rad)
A22: =1*PI()/180 -> 0.017453293
A24: Lift Curve Slope (1/rad) | B24: Mach | C24: Airfoil/Pressure Influence
A25: =2*PI()*$B$5/(2+SQRT(4+$B$5^2*(1-B25^2)/$C$25*(1+TAN($C$5)^2/(1-B25^2)))) -> 5.1116967 | B25: 0.1 | C25: =(1+0.75*D12)^2 -> 1.2157268
A26: =2*PI()*$B$5/(2+SQRT(4+$B$5^2*(1-B26^2)/$C$25*(1+TAN($C$5)^2/(1-B26^2)))) -> 5.1328251 | B26: 0.15
A27: =2*PI()*$B$5/(2+SQRT(4+$B$5^2*(1-B27^2)/$C$25*(1+TAN($C$5)^2/(1-B27^2)))) -> 5.1628811 | B27: 0.2
A28: =2*PI()*$B$5/(2+SQRT(4+$B$5^2*(1-B28^2)/$C$25*(1+TAN($C$5)^2/(1-B28^2)))) -> 5.2023681 | B28: 0.25
A29: =2*PI()*$B$5/(2+SQRT(4+$B$5^2*(1-B29^2)/$C$25*(1+TAN($C$5)^2/(1-B29^2)))) -> 5.2519739 | B29: 0.3
A30: =2*PI()*$B$5/(2+SQRT(4+$B$5^2*(1-B30^2)/$C$25*(1+TAN($C$5)^2/(1-B30^2)))) -> 5.3126076 | B30: 0.35
A31: =2*PI()*$B$5/(2+SQRT(4+$B$5^2*(1-B31^2)/$C$25*(1+TAN($C$5)^2/(1-B31^2)))) -> 5.3854507 | B31: 0.4
A32: =2*PI()*$B$5/(2+SQRT(4+$B$5^2*(1-B32^2)/$C$25*(1+TAN($C$5)^2/(1-B32^2)))) -> 5.4356353 | B32: 0.43
A33: =2*PI()*$B$5/(2+SQRT(4+$B$5^2*(1-B33^2)/$C$25*(1+TAN($C$5)^2/(1-B33^2)))) -> 5.4720308 | B33: 0.45
A34: =2*PI()*$B$5/(2+SQRT(4+$B$5^2*(1-B34^2)/$C$25*(1+TAN($C$5)^2/(1-B34^2)))) -> 5.5743259 | B34: 0.5
A35: =2*PI()*$B$5/(2+SQRT(4+$B$5^2*(1-B35^2)/$C$25*(1+TAN($C$5)^2/(1-B35^2)))) -> 5.6949167 | B35: 0.55
A36: =2*PI()*$B$5/(2+SQRT(4+$B$5^2*(1-B36^2)/$C$25*(1+TAN($C$5)^2/(1-B36^2)))) -> 5.8372136 | B36: 0.6
A37: =2*PI()*$B$5/(2+SQRT(4+$B$5^2*(1-B37^2)/$C$25*(1+TAN($C$5)^2/(1-B37^2)))) -> 6.0058029 | B37: 0.65
... A41: =2*PI()*$B$5/(2+SQRT(4+$B$5^2*(1-B41^2)/$C$25*(1+TAN($C$5)^2/(1-B41^2)))) -> 6.6205687 | B41: 0.78
A43: Cm0 | B43: CM0 | C43: CL0
A44: -0.04 | B44: =A44*(B5*COS(C5)^2)/(B5+2*COS(C5)) -> -0.027590059 | C44: 0.12
A46: Dry Wing Mass (kg)
A47: 8227.3
A49: CD0 | B49: k
A50: 0.027 | B50: =1/(PI()*B5*0.85) -> 0.039430145

Sheet Engine Deck
A1: Mach | B1: a | D1: Altitude | E1: Temp | F1: Pressure | G1: Density | I1: T_SL
A2: 0 | B2: 340.3 | D2: 0 | E2: 288.15 | F2: 10.13 | G2: 1.225 | I2: 105000
A3: 0.1 | B3: 336.4 | D3: 1000 | E3: 281.7 | F3: 8.988 | G3: 1.112
A4: 0.2 | B4: 332.5 | D4: 2000 | E4: 275.2 | F4: 7.95 | G4: 1.007
A5: 0.3 | B5: 328.6 | D5: 3000 | E5: 268.7 | F5: 7.012 | G5: 0.9093
A6: 0.4 | B6: 324.6 | D6: 4000 | E6: 262.2 | F6: 6.166 | G6: 0.8194
A7: 0.5 | B7: 320.5 | D7: 5000 | E7: 255.7 | F7: 5.405 | G7: 0.7364 | S7: 0 | T7: 15 | U7: 9.807 | V7: 10.13 | W7: 1.225 | X7: 1.789
A8: 0.6 | B8: 316.5 | D8: 6000 | E8: 249.2 | F8: 4.722 | G8: 0.6601 | S8: 1000 | T8: 8.5 | U8: 9.804 | V8: 8.988 | W8: 1.112 | X8: 1.758
A9: 0.7 | B9: 312.3 | D9: 7000 | E9: 242.7 | F9: 4.111 | G9: 0.59 | S9: 2000 | T9: 2 | U9: 9.801 | V9: 7.95 | W9: 1.007 | X9: 1.726
A10: 0.8 | B10: 308.1 | D10: 8000 | E10: 236.2 | F10: 3.565 | G10: 0.5258 | S10: 3000 | T10: -4.49 | U10: 9.797 | V10: 7.012 | W10: 0.9093 | X10: 1.694
A11: 0.9 | B11: 303.8 | D11: 9000 | E11: 229.7 | F11: 3.08 | G11: 0.4671 | S11: 4000 | T11: -10.98 | U11: 9.794 | V11: 6.166 | W11: 0.8194 | X11: 1.661
A12: 1 | B12: 299.5 | D12: 10000 | E12: 223.3 | F12: 2.65 | G12: 0.4135 | S12: 5000 | T12: -17.47 | U12: 9.791 | V12: 5.405 | W12: 0.7364 | X12: 1.628
S13: 6000 | T13: -23.96 | U13: 9.788 | V13: 4.722 | W13: 0.6601 | X13: 1.595
S14: 7000 | T14: -30.45 | U14: 9.785 | V14: 4.111 | W14: 0.59 | X14: 1.561
S15: 8000 | T15: -36.94 | U15: 9.782 | V15: 3.565 | W15: 0.5258 | X15: 1.527
S16: 9000 | T16: -43.42 | U16: 9.779 | V16: 3.08 | W16: 0.4671 | X16: 1.493
S17: 10000 | T17: -49.9 | U17: 9.776 | V17: 2.65 | W17: 0.4135 | X17: 1.458
A19: theta0 | B19: Mach
B20: 0 | C20: 0.1 | D20: 0.2 | E20: 0.3 | F20: 0.4 | G20: 0.5 | H20: 0.6 | I20: 0.7 | J20: 0.8 | K20: 0.9 | L20: 1
A21: 0 | B21: =$E2/$E$2*(1+0.4/2*B$20^2) -> 1 | C21: =$E2/$E$2*(1+0.4/2*C$20^2) -> 1.002 | D21: =$E2/$E$2*(1+0.4/2*D$20^2) -> 1.008 | E21: =$E2/$E$2*(1+0.4/2*E$20^2) -> 1.018 | F21: =$E2/$E$2*(1+0.4/2*F$20^2) -> 1.032 | G21: =$E2/$E$2*(1+0.4/2*G$20^2) -> 1.05 | H21: =$E2/$E$2*(1+0.4/2*H$20^2) -> 1.072 | I21: =$E2/$E$2*(1+0.4/2*I$20^2) -> 1.098 | ... L21: =$E2/$E$2*(1+0.4/2*L$20^2) -> 1.2 | M21: Altitude
A22: 1000 | B22: =$E3/$E$2*(1+0.4/2*B$20^2) -> 0.97761583 | C22: =$E3/$E$2*(1+0.4/2*C$20^2) -> 0.97957106 | D22: =$E3/$E$2*(1+0.4/2*D$20^2) -> 0.98543675 | E22: =$E3/$E$2*(1+0.4/2*E$20^2) -> 0.99521291 | F22: =$E3/$E$2*(1+0.4/2*F$20^2) -> 1.0088995 | G22: =$E3/$E$2*(1+0.4/2*G$20^2) -> 1.0264966 | H22: =$E3/$E$2*(1+0.4/2*H$20^2) -> 1.0480042 | I22: =$E3/$E$2*(1+0.4/2*I$20^2) -> 1.0734222 | ... L22: =$E3/$E$2*(1+0.4/2*L$20^2) -> 1.173139
A23: 2000 | B23: =$E4/$E$2*(1+0.4/2*B$20^2) -> 0.95505813 | C23: =$E4/$E$2*(1+0.4/2*C$20^2) -> 0.95696825 | D23: =$E4/$E$2*(1+0.4/2*D$20^2) -> 0.96269859 | E23: =$E4/$E$2*(1+0.4/2*E$20^2) -> 0.97224918 | F23: =$E4/$E$2*(1+0.4/2*F$20^2) -> 0.98561999 | G23: =$E4/$E$2*(1+0.4/2*G$20^2) -> 1.002811 | H23: =$E4/$E$2*(1+0.4/2*H$20^2) -> 1.0238223 | I23: =$E4/$E$2*(1+0.4/2*I$20^2) -> 1.0486538 | ... L23: =$E4/$E$2*(1+0.4/2*L$20^2) -> 1.1460698
A24: 3000 | B24: =$E5/$E$2*(1+0.4/2*B$20^2) -> 0.93250043 | C24: =$E5/$E$2*(1+0.4/2*C$20^2) -> 0.93436543 | D24: =$E5/$E$2*(1+0.4/2*D$20^2) -> 0.93996044 | E24: =$E5/$E$2*(1+0.4/2*E$20^2) -> 0.94928544 | F24: =$E5/$E$2*(1+0.4/2*F$20^2) -> 0.96234045 | G24: =$E5/$E$2*(1+0.4/2*G$20^2) -> 0.97912546 | H24: =$E5/$E$2*(1+0.4/2*H$20^2) -> 0.99964047 | I24: =$E5/$E$2*(1+0.4/2*I$20^2) -> 1.0238855 | ... L24: =$E5/$E$2*(1+0.4/2*L$20^2) -> 1.1190005
A25: 4000 | B25: =$E6/$E$2*(1+0.4/2*B$20^2) -> 0.90994274 | C25: =$E6/$E$2*(1+0.4/2*C$20^2) -> 0.91176262 | D25: =$E6/$E$2*(1+0.4/2*D$20^2) -> 0.91722228 | E25: =$E6/$E$2*(1+0.4/2*E$20^2) -> 0.92632171 | F25: =$E6/$E$2*(1+0.4/2*F$20^2) -> 0.93906091 | G25: =$E6/$E$2*(1+0.4/2*G$20^2) -> 0.95543988 | H25: =$E6/$E$2*(1+0.4/2*H$20^2) -> 0.97545862 | I25: =$E6/$E$2*(1+0.4/2*I$20^2) -> 0.99911713 | ... L25: =$E6/$E$2*(1+0.4/2*L$20^2) -> 1.0919313
A26: 5000 | B26: =$E7/$E$2*(1+0.4/2*B$20^2) -> 0.88738504 | C26: =$E7/$E$2*(1+0.4/2*C$20^2) -> 0.88915981 | D26: =$E7/$E$2*(1+0.4/2*D$20^2) -> 0.89448412 | E26: =$E7/$E$2*(1+0.4/2*E$20^2) -> 0.90335797 | F26: =$E7/$E$2*(1+0.4/2*F$20^2) -> 0.91578136 | G26: =$E7/$E$2*(1+0.4/2*G$20^2) -> 0.93175429 | H26: =$E7/$E$2*(1+0.4/2*H$20^2) -> 0.95127677 | I26: =$E7/$E$2*(1+0.4/2*I$20^2) -> 0.97434878 | ... L26: =$E7/$E$2*(1+0.4/2*L$20^2) -> 1.0648621
A27: 6000 | B27: =$E8/$E$2*(1+0.4/2*B$20^2) -> 0.86482735 | C27: =$E8/$E$2*(1+0.4/2*C$20^2) -> 0.866557 | D27: =$E8/$E$2*(1+0.4/2*D$20^2) -> 0.87174597 | E27: =$E8/$E$2*(1+0.4/2*E$20^2) -> 0.88039424 | F27: =$E8/$E$2*(1+0.4/2*F$20^2) -> 0.89250182 | G27: =$E8/$E$2*(1+0.4/2*G$20^2) -> 0.90806871 | H27: =$E8/$E$2*(1+0.4/2*H$20^2) -> 0.92709492 | I27: =$E8/$E$2*(1+0.4/2*I$20^2) -> 0.94958043 | ... L27: =$E8/$E$2*(1+0.4/2*L$20^2) -> 1.0377928
A28: 7000 | B28: =$E9/$E$2*(1+0.4/2*B$20^2) -> 0.84226965 | C28: =$E9/$E$2*(1+0.4/2*C$20^2) -> 0.84395419 | D28: =$E9/$E$2*(1+0.4/2*D$20^2) -> 0.84900781 | E28: =$E9/$E$2*(1+0.4/2*E$20^2) -> 0.8574305 | F28: =$E9/$E$2*(1+0.4/2*F$20^2) -> 0.86922228 | G28: =$E9/$E$2*(1+0.4/2*G$20^2) -> 0.88438313 | H28: =$E9/$E$2*(1+0.4/2*H$20^2) -> 0.90291307 | I28: =$E9/$E$2*(1+0.4/2*I$20^2) -> 0.92481208 | ... L28: =$E9/$E$2*(1+0.4/2*L$20^2) -> 1.0107236
A29: 8000 | B29: =$E10/$E$2*(1+0.4/2*B$20^2) -> 0.81971196 | C29: =$E10/$E$2*(1+0.4/2*C$20^2) -> 0.82135138 | D29: =$E10/$E$2*(1+0.4/2*D$20^2) -> 0.82626965 | E29: =$E10/$E$2*(1+0.4/2*E$20^2) -> 0.83446677 | F29: =$E10/$E$2*(1+0.4/2*F$20^2) -> 0.84594274 | G29: =$E10/$E$2*(1+0.4/2*G$20^2) -> 0.86069755 | H29: =$E10/$E$2*(1+0.4/2*H$20^2) -> 0.87873122 | I29: =$E10/$E$2*(1+0.4/2*I$20^2) -> 0.90004373 | ... L29: =$E10/$E$2*(1+0.4/2*L$20^2) -> 0.98365435
A30: 9000 | B30: =$E11/$E$2*(1+0.4/2*B$20^2) -> 0.79715426 | C30: =$E11/$E$2*(1+0.4/2*C$20^2) -> 0.79874857 | D30: =$E11/$E$2*(1+0.4/2*D$20^2) -> 0.80353149 | E30: =$E11/$E$2*(1+0.4/2*E$20^2) -> 0.81150304 | F30: =$E11/$E$2*(1+0.4/2*F$20^2) -> 0.8226632 | G30: =$E11/$E$2*(1+0.4/2*G$20^2) -> 0.83701197 | H30: =$E11/$E$2*(1+0.4/2*H$20^2) -> 0.85454937 | I30: =$E11/$E$2*(1+0.4/2*I$20^2) -> 0.87527538 | ... L30: =$E11/$E$2*(1+0.4/2*L$20^2) -> 0.95658511
A31: 10000 | B31: =$E12/$E$2*(1+0.4/2*B$20^2) -> 0.77494361 | C31: =$E12/$E$2*(1+0.4/2*C$20^2) -> 0.77649349 | D31: =$E12/$E$2*(1+0.4/2*D$20^2) -> 0.78114315 | E31: =$E12/$E$2*(1+0.4/2*E$20^2) -> 0.78889259 | F31: =$E12/$E$2*(1+0.4/2*F$20^2) -> 0.7997418 | G31: =$E12/$E$2*(1+0.4/2*G$20^2) -> 0.81369079 | H31: =$E12/$E$2*(1+0.4/2*H$20^2) -> 0.83073955 | I31: =$E12/$E$2*(1+0.4/2*I$20^2) -> 0.85088808 | ... L31: =$E12/$E$2*(1+0.4/2*L$20^2) -> 0.92993233
A34: sig0 | B34: Mach
B35: 0 | C35: 0.1 | D35: 0.2 | E35: 0.3 | F35: 0.4 | G35: 0.5 | H35: 0.6 | I35: 0.7 | J35: 0.8 | K35: 0.9 | L35: 1
A36: 0 | B36: =$F2/$F$2*(1+0.4/2*B$35^2)*(1.4/(1.4-1)) -> 3.5 | C36: =$F2/$F$2*(1+0.4/2*C$35^2)*(1.4/(1.4-1)) -> 3.507 | D36: =$F2/$F$2*(1+0.4/2*D$35^2)*(1.4/(1.4-1)) -> 3.528 | E36: =$F2/$F$2*(1+0.4/2*E$35^2)*(1.4/(1.4-1)) -> 3.563 | F36: =$F2/$F$2*(1+0.4/2*F$35^2)*(1.4/(1.4-1)) -> 3.612 | G36: =$F2/$F$2*(1+0.4/2*G$35^2)*(1.4/(1.4-1)) -> 3.675 | H36: =$F2/$F$2*(1+0.4/2*H$35^2)*(1.4/(1.4-1)) -> 3.752 | I36: =$F2/$F$2*(1+0.4/2*I$35^2)*(1.4/(1.4-1)) -> 3.843 | ... L36: =$F2/$F$2*(1+0.4/2*L$35^2)*(1.4/(1.4-1)) -> 4.2 | M36: Altitude
A37: 1000 | B37: =$F3/$F$2*(1+0.4/2*B$35^2)*(1.4/(1.4-1)) -> 3.1054294 | C37: =$F3/$F$2*(1+0.4/2*C$35^2)*(1.4/(1.4-1)) -> 3.1116403 | D37: =$F3/$F$2*(1+0.4/2*D$35^2)*(1.4/(1.4-1)) -> 3.1302729 | E37: =$F3/$F$2*(1+0.4/2*E$35^2)*(1.4/(1.4-1)) -> 3.1613271 | F37: =$F3/$F$2*(1+0.4/2*F$35^2)*(1.4/(1.4-1)) -> 3.2048032 | G37: =$F3/$F$2*(1+0.4/2*G$35^2)*(1.4/(1.4-1)) -> 3.2607009 | H37: =$F3/$F$2*(1+0.4/2*H$35^2)*(1.4/(1.4-1)) -> 3.3290203 | I37: =$F3/$F$2*(1+0.4/2*I$35^2)*(1.4/(1.4-1)) -> 3.4097615 | ... L37: =$F3/$F$2*(1+0.4/2*L$35^2)*(1.4/(1.4-1)) -> 3.7265153
A38: 2000 | B38: =$F4/$F$2*(1+0.4/2*B$35^2)*(1.4/(1.4-1)) -> 2.7467917 | C38: =$F4/$F$2*(1+0.4/2*C$35^2)*(1.4/(1.4-1)) -> 2.7522853 | D38: =$F4/$F$2*(1+0.4/2*D$35^2)*(1.4/(1.4-1)) -> 2.768766 | E38: =$F4/$F$2*(1+0.4/2*E$35^2)*(1.4/(1.4-1)) -> 2.796234 | F38: =$F4/$F$2*(1+0.4/2*F$35^2)*(1.4/(1.4-1)) -> 2.834689 | G38: =$F4/$F$2*(1+0.4/2*G$35^2)*(1.4/(1.4-1)) -> 2.8841313 | H38: =$F4/$F$2*(1+0.4/2*H$35^2)*(1.4/(1.4-1)) -> 2.9445607 | I38: =$F4/$F$2*(1+0.4/2*I$35^2)*(1.4/(1.4-1)) -> 3.0159773 | ... L38: =$F4/$F$2*(1+0.4/2*L$35^2)*(1.4/(1.4-1)) -> 3.29615
A39: 3000 | B39: =$F5/$F$2*(1+0.4/2*B$35^2)*(1.4/(1.4-1)) -> 2.4227048 | C39: =$F5/$F$2*(1+0.4/2*C$35^2)*(1.4/(1.4-1)) -> 2.4275502 | D39: =$F5/$F$2*(1+0.4/2*D$35^2)*(1.4/(1.4-1)) -> 2.4420865 | E39: =$F5/$F$2*(1+0.4/2*E$35^2)*(1.4/(1.4-1)) -> 2.4663135 | F39: =$F5/$F$2*(1+0.4/2*F$35^2)*(1.4/(1.4-1)) -> 2.5002314 | G39: =$F5/$F$2*(1+0.4/2*G$35^2)*(1.4/(1.4-1)) -> 2.5438401 | H39: =$F5/$F$2*(1+0.4/2*H$35^2)*(1.4/(1.4-1)) -> 2.5971396 | I39: =$F5/$F$2*(1+0.4/2*I$35^2)*(1.4/(1.4-1)) -> 2.6601299 | ... L39: =$F5/$F$2*(1+0.4/2*L$35^2)*(1.4/(1.4-1)) -> 2.9072458
A40: 4000 | B40: =$F6/$F$2*(1+0.4/2*B$35^2)*(1.4/(1.4-1)) -> 2.1304047 | C40: =$F6/$F$2*(1+0.4/2*C$35^2)*(1.4/(1.4-1)) -> 2.1346655 | D40: =$F6/$F$2*(1+0.4/2*D$35^2)*(1.4/(1.4-1)) -> 2.147448 | E40: =$F6/$F$2*(1+0.4/2*E$35^2)*(1.4/(1.4-1)) -> 2.168752 | F40: =$F6/$F$2*(1+0.4/2*F$35^2)*(1.4/(1.4-1)) -> 2.1985777 | G40: =$F6/$F$2*(1+0.4/2*G$35^2)*(1.4/(1.4-1)) -> 2.236925 | H40: =$F6/$F$2*(1+0.4/2*H$35^2)*(1.4/(1.4-1)) -> 2.2837939 | I40: =$F6/$F$2*(1+0.4/2*I$35^2)*(1.4/(1.4-1)) -> 2.3391844 | ... L40: =$F6/$F$2*(1+0.4/2*L$35^2)*(1.4/(1.4-1)) -> 2.5564857
A41: 5000 | B41: =$F7/$F$2*(1+0.4/2*B$35^2)*(1.4/(1.4-1)) -> 1.8674729 | C41: =$F7/$F$2*(1+0.4/2*C$35^2)*(1.4/(1.4-1)) -> 1.8712078 | D41: =$F7/$F$2*(1+0.4/2*D$35^2)*(1.4/(1.4-1)) -> 1.8824126 | E41: =$F7/$F$2*(1+0.4/2*E$35^2)*(1.4/(1.4-1)) -> 1.9010874 | F41: =$F7/$F$2*(1+0.4/2*F$35^2)*(1.4/(1.4-1)) -> 1.927232 | G41: =$F7/$F$2*(1+0.4/2*G$35^2)*(1.4/(1.4-1)) -> 1.9608465 | H41: =$F7/$F$2*(1+0.4/2*H$35^2)*(1.4/(1.4-1)) -> 2.0019309 | I41: =$F7/$F$2*(1+0.4/2*I$35^2)*(1.4/(1.4-1)) -> 2.0504852 | ... L41: =$F7/$F$2*(1+0.4/2*L$35^2)*(1.4/(1.4-1)) -> 2.2409674
A42: 6000 | B42: =$F8/$F$2*(1+0.4/2*B$35^2)*(1.4/(1.4-1)) -> 1.6314906 | C42: =$F8/$F$2*(1+0.4/2*C$35^2)*(1.4/(1.4-1)) -> 1.6347536 | D42: =$F8/$F$2*(1+0.4/2*D$35^2)*(1.4/(1.4-1)) -> 1.6445425 | E42: =$F8/$F$2*(1+0.4/2*E$35^2)*(1.4/(1.4-1)) -> 1.6608575 | F42: =$F8/$F$2*(1+0.4/2*F$35^2)*(1.4/(1.4-1)) -> 1.6836983 | G42: =$F8/$F$2*(1+0.4/2*G$35^2)*(1.4/(1.4-1)) -> 1.7130652 | H42: =$F8/$F$2*(1+0.4/2*H$35^2)*(1.4/(1.4-1)) -> 1.7489579 | I42: =$F8/$F$2*(1+0.4/2*I$35^2)*(1.4/(1.4-1)) -> 1.7913767 | ... L42: =$F8/$F$2*(1+0.4/2*L$35^2)*(1.4/(1.4-1)) -> 1.9577887
A43: 7000 | B43: =$F9/$F$2*(1+0.4/2*B$35^2)*(1.4/(1.4-1)) -> 1.420385 | C43: =$F9/$F$2*(1+0.4/2*C$35^2)*(1.4/(1.4-1)) -> 1.4232258 | D43: =$F9/$F$2*(1+0.4/2*D$35^2)*(1.4/(1.4-1)) -> 1.4317481 | E43: =$F9/$F$2*(1+0.4/2*E$35^2)*(1.4/(1.4-1)) -> 1.4459519 | F43: =$F9/$F$2*(1+0.4/2*F$35^2)*(1.4/(1.4-1)) -> 1.4658373 | G43: =$F9/$F$2*(1+0.4/2*G$35^2)*(1.4/(1.4-1)) -> 1.4914042 | H43: =$F9/$F$2*(1+0.4/2*H$35^2)*(1.4/(1.4-1)) -> 1.5226527 | I43: =$F9/$F$2*(1+0.4/2*I$35^2)*(1.4/(1.4-1)) -> 1.5595827 | ... L43: =$F9/$F$2*(1+0.4/2*L$35^2)*(1.4/(1.4-1)) -> 1.704462
A44: 8000 | B44: =$F10/$F$2*(1+0.4/2*B$35^2)*(1.4/(1.4-1)) -> 1.2317374 | C44: =$F10/$F$2*(1+0.4/2*C$35^2)*(1.4/(1.4-1)) -> 1.2342009 | D44: =$F10/$F$2*(1+0.4/2*D$35^2)*(1.4/(1.4-1)) -> 1.2415913 | E44: =$F10/$F$2*(1+0.4/2*E$35^2)*(1.4/(1.4-1)) -> 1.2539087 | F44: =$F10/$F$2*(1+0.4/2*F$35^2)*(1.4/(1.4-1)) -> 1.271153 | G44: =$F10/$F$2*(1+0.4/2*G$35^2)*(1.4/(1.4-1)) -> 1.2933243 | H44: =$F10/$F$2*(1+0.4/2*H$35^2)*(1.4/(1.4-1)) -> 1.3204225 | I44: =$F10/$F$2*(1+0.4/2*I$35^2)*(1.4/(1.4-1)) -> 1.3524477 | ... L44: =$F10/$F$2*(1+0.4/2*L$35^2)*(1.4/(1.4-1)) -> 1.4780849
A45: 9000 | B45: =$F11/$F$2*(1+0.4/2*B$35^2)*(1.4/(1.4-1)) -> 1.0641658 | C45: =$F11/$F$2*(1+0.4/2*C$35^2)*(1.4/(1.4-1)) -> 1.0662942 | D45: =$F11/$F$2*(1+0.4/2*D$35^2)*(1.4/(1.4-1)) -> 1.0726792 | E45: =$F11/$F$2*(1+0.4/2*E$35^2)*(1.4/(1.4-1)) -> 1.0833208 | F45: =$F11/$F$2*(1+0.4/2*F$35^2)*(1.4/(1.4-1)) -> 1.0982192 | G45: =$F11/$F$2*(1+0.4/2*G$35^2)*(1.4/(1.4-1)) -> 1.1173741 | H45: =$F11/$F$2*(1+0.4/2*H$35^2)*(1.4/(1.4-1)) -> 1.1407858 | I45: =$F11/$F$2*(1+0.4/2*I$35^2)*(1.4/(1.4-1)) -> 1.1684541 | ... L45: =$F11/$F$2*(1+0.4/2*L$35^2)*(1.4/(1.4-1)) -> 1.276999
A46: 10000 | B46: =$F12/$F$2*(1+0.4/2*B$35^2)*(1.4/(1.4-1)) -> 0.91559724 | C46: =$F12/$F$2*(1+0.4/2*C$35^2)*(1.4/(1.4-1)) -> 0.91742843 | D46: =$F12/$F$2*(1+0.4/2*D$35^2)*(1.4/(1.4-1)) -> 0.92292201 | E46: =$F12/$F$2*(1+0.4/2*E$35^2)*(1.4/(1.4-1)) -> 0.93207799 | F46: =$F12/$F$2*(1+0.4/2*F$35^2)*(1.4/(1.4-1)) -> 0.94489635 | G46: =$F12/$F$2*(1+0.4/2*G$35^2)*(1.4/(1.4-1)) -> 0.9613771 | H46: =$F12/$F$2*(1+0.4/2*H$35^2)*(1.4/(1.4-1)) -> 0.98152024 | I46: =$F12/$F$2*(1+0.4/2*I$35^2)*(1.4/(1.4-1)) -> 1.0053258 | ... L46: =$F12/$F$2*(1+0.4/2*L$35^2)*(1.4/(1.4-1)) -> 1.0987167
A49: 0.5 | B49: Mach
B50: 0 | C50: 0.1 | D50: 0.2 | E50: 0.3 | F50: 0.4 | G50: 0.5 | H50: 0.6 | I50: 0.7 | J50: 0.8 | K50: 0.9 | L50: 1
A51: 0 | B51: =IF($A$49>=B21,B36*(1-0.49*SQRT(B$50)),B36*(1-0.49*SQRT(B$50)-3*(B21-$A$49)/(1.5+B$50))) -> 0 | C51: =IF($A$49>=C21,C36*(1-0.49*SQRT(C$50)),C36*(1-0.49*SQRT(C$50)-3*(C21-$A$49)/(1.5+C$50))) -> -0.33737903 | D51: =IF($A$49>=D21,D36*(1-0.49*SQRT(D$50)),D36*(1-0.49*SQRT(D$50)-3*(D21-$A$49)/(1.5+D$50))) -> -0.40785532 | E51: =IF($A$49>=E21,E36*(1-0.49*SQRT(E$50)),E36*(1-0.49*SQRT(E$50)-3*(E21-$A$49)/(1.5+E$50))) -> -0.46930905 | F51: =IF($A$49>=F21,F36*(1-0.49*SQRT(F$50)),F36*(1-0.49*SQRT(F$50)-3*(F21-$A$49)/(1.5+F$50))) -> -0.5414504 | G51: =IF($A$49>=G21,G36*(1-0.49*SQRT(G$50)),G36*(1-0.49*SQRT(G$50)-3*(G21-$A$49)/(1.5+G$50))) -> -0.63019754 | H51: =IF($A$49>=H21,H36*(1-0.49*SQRT(H$50)),H36*(1-0.49*SQRT(H$50)-3*(H21-$A$49)/(1.5+H$50))) -> -0.73800048 | I51: =IF($A$49>=I21,I36*(1-0.49*SQRT(I$50)),I36*(1-0.49*SQRT(I$50)-3*(I21-$A$49)/(1.5+I$50))) -> -0.86628121 | ... L51: =IF($A$49>=L21,L36*(1-0.49*SQRT(L$50)),L36*(1-0.49*SQRT(L$50)-3*(L21-$A$49)/(1.5+L$50))) -> -1.386 | M51: Altitude
A52: 1000 | B52: =IF($A$49>=B22,B37*(1-0.49*SQRT(B$50)),B37*(1-0.49*SQRT(B$50)-3*(B22-$A$49)/(1.5+B$50))) -> 0.13902495 | C52: =IF($A$49>=C22,C37*(1-0.49*SQRT(C$50)),C37*(1-0.49*SQRT(C$50)-3*(C22-$A$49)/(1.5+C$50))) -> -0.16848703 | D52: =IF($A$49>=D22,D37*(1-0.49*SQRT(D$50)),D37*(1-0.49*SQRT(D$50)-3*(D22-$A$49)/(1.5+D$50))) -> -0.23723635 | E52: =IF($A$49>=E22,E37*(1-0.49*SQRT(E$50)),E37*(1-0.49*SQRT(E$50)-3*(E22-$A$49)/(1.5+E$50))) -> -0.29633934 | F52: =IF($A$49>=F22,F37*(1-0.49*SQRT(F$50)),F37*(1-0.49*SQRT(F$50)-3*(F22-$A$49)/(1.5+F$50))) -> -0.36351693 | G52: =IF($A$49>=G22,G37*(1-0.49*SQRT(G$50)),G37*(1-0.49*SQRT(G$50)-3*(G22-$A$49)/(1.5+G$50))) -> -0.44419631 | H52: =IF($A$49>=H22,H37*(1-0.49*SQRT(H$50)),H37*(1-0.49*SQRT(H$50)-3*(H22-$A$49)/(1.5+H$50))) -> -0.54068437 | I52: =IF($A$49>=I22,I37*(1-0.49*SQRT(I$50)),I37*(1-0.49*SQRT(I$50)-3*(I22-$A$49)/(1.5+I$50))) -> -0.65434259 | ... L52: =IF($A$49>=L22,L37*(1-0.49*SQRT(L$50)),L37*(1-0.49*SQRT(L$50)-3*(L22-$A$49)/(1.5+L$50))) -> -1.1096325
A53: 2000 | B53: =IF($A$49>=B23,B38*(1-0.49*SQRT(B$50)),B38*(1-0.49*SQRT(B$50)-3*(B23-$A$49)/(1.5+B$50))) -> 0.24689191 | C53: =IF($A$49>=C23,C38*(1-0.49*SQRT(C$50)),C38*(1-0.49*SQRT(C$50)-3*(C23-$A$49)/(1.5+C$50))) -> -0.032386323 | D53: =IF($A$49>=D23,D38*(1-0.49*SQRT(D$50)),D38*(1-0.49*SQRT(D$50)-3*(D23-$A$49)/(1.5+D$50))) -> -0.098738608 | E53: =IF($A$49>=E23,E38*(1-0.49*SQRT(E$50)),E38*(1-0.49*SQRT(E$50)-3*(E23-$A$49)/(1.5+E$50))) -> -0.15509595 | F53: =IF($A$49>=F23,F38*(1-0.49*SQRT(F$50)),F38*(1-0.49*SQRT(F$50)-3*(F23-$A$49)/(1.5+F$50))) -> -0.21734019 | G53: =IF($A$49>=G23,G38*(1-0.49*SQRT(G$50)),G38*(1-0.49*SQRT(G$50)-3*(G23-$A$49)/(1.5+G$50))) -> -0.29042878 | H53: =IF($A$49>=H23,H38*(1-0.49*SQRT(H$50)),H38*(1-0.49*SQRT(H$50)-3*(H23-$A$49)/(1.5+H$50))) -> -0.37652086 | I53: =IF($A$49>=I23,I38*(1-0.49*SQRT(I$50)),I38*(1-0.49*SQRT(I$50)-3*(I23-$A$49)/(1.5+I$50))) -> -0.47690962 | ... L53: =IF($A$49>=L23,L38*(1-0.49*SQRT(L$50)),L38*(1-0.49*SQRT(L$50)-3*(L23-$A$49)/(1.5+L$50))) -> -0.8744149
A54: 3000 | B54: =IF($A$49>=B24,B39*(1-0.49*SQRT(B$50)),B39*(1-0.49*SQRT(B$50)-3*(B24-$A$49)/(1.5+B$50))) -> 0.32706305 | C54: =IF($A$49>=C24,C39*(1-0.49*SQRT(C$50)),C39*(1-0.49*SQRT(C$50)-3*(C24-$A$49)/(1.5+C$50))) -> 0.074315092 | D54: =IF($A$49>=D24,D39*(1-0.49*SQRT(D$50)),D39*(1-0.49*SQRT(D$50)-3*(D24-$A$49)/(1.5+D$50))) -> 0.010902858 | E54: =IF($A$49>=E24,E39*(1-0.49*SQRT(E$50)),E39*(1-0.49*SQRT(E$50)-3*(E24-$A$49)/(1.5+E$50))) -> -0.042403631 | F54: =IF($A$49>=F24,F39*(1-0.49*SQRT(F$50)),F39*(1-0.49*SQRT(F$50)-3*(F24-$A$49)/(1.5+F$50))) -> -0.099795346 | G54: =IF($A$49>=G24,G39*(1-0.49*SQRT(G$50)),G39*(1-0.49*SQRT(G$50)-3*(G24-$A$49)/(1.5+G$50))) -> -0.16578335 | H54: =IF($A$49>=H24,H39*(1-0.49*SQRT(H$50)),H39*(1-0.49*SQRT(H$50)-3*(H24-$A$49)/(1.5+H$50))) -> -0.24237665 | I54: =IF($A$49>=I24,I39*(1-0.49*SQRT(I$50)),I39*(1-0.49*SQRT(I$50)-3*(I24-$A$49)/(1.5+I$50))) -> -0.33079433 | ... L54: =IF($A$49>=L24,L39*(1-0.49*SQRT(L$50)),L39*(1-0.49*SQRT(L$50)-3*(L24-$A$49)/(1.5+L$50))) -> -0.67680864
A55: 4000 | B55: =IF($A$49>=B25,B40*(1-0.49*SQRT(B$50)),B40*(1-0.49*SQRT(B$50)-3*(B25-$A$49)/(1.5+B$50))) -> 0.38371683 | C55: =IF($A$49>=C25,C40*(1-0.49*SQRT(C$50)),C40*(1-0.49*SQRT(C$50)-3*(C25-$A$49)/(1.5+C$50))) -> 0.15581666 | D55: =IF($A$49>=D25,D40*(1-0.49*SQRT(D$50)),D40*(1-0.49*SQRT(D$50)-3*(D25-$A$49)/(1.5+D$50))) -> 0.095756265 | E55: =IF($A$49>=E25,E40*(1-0.49*SQRT(E$50)),E40*(1-0.49*SQRT(E$50)-3*(E25-$A$49)/(1.5+E$50))) -> 0.045716789 | F55: =IF($A$49>=F25,F40*(1-0.49*SQRT(F$50)),F40*(1-0.49*SQRT(F$50)-3*(F25-$A$49)/(1.5+F$50))) -> -0.0069415088 | G55: =IF($A$49>=G25,G40*(1-0.49*SQRT(G$50)),G40*(1-0.49*SQRT(G$50)-3*(G25-$A$49)/(1.5+G$50))) -> -0.066307233 | H55: =IF($A$49>=H25,H40*(1-0.49*SQRT(H$50)),H40*(1-0.49*SQRT(H$50)-3*(H25-$A$49)/(1.5+H$50))) -> -0.13423903 | I55: =IF($A$49>=I25,I40*(1-0.49*SQRT(I$50)),I40*(1-0.49*SQRT(I$50)-3*(I25-$A$49)/(1.5+I$50))) -> -0.21187789 | ... L55: =IF($A$49>=L25,L40*(1-0.49*SQRT(L$50)),L40*(1-0.49*SQRT(L$50)-3*(L25-$A$49)/(1.5+L$50))) -> -0.51210893
A56: 5000 | B56: =IF($A$49>=B26,B41*(1-0.49*SQRT(B$50)),B41*(1-0.49*SQRT(B$50)-3*(B26-$A$49)/(1.5+B$50))) -> 0.42061075 | C56: =IF($A$49>=C26,C41*(1-0.49*SQRT(C$50)),C41*(1-0.49*SQRT(C$50)-3*(C26-$A$49)/(1.5+C$50))) -> 0.21588825 | D56: =IF($A$49>=D26,D41*(1-0.49*SQRT(D$50)),D41*(1-0.49*SQRT(D$50)-3*(D26-$A$49)/(1.5+D$50))) -> 0.15947214 | E56: =IF($A$49>=E26,E41*(1-0.49*SQRT(E$50)),E41*(1-0.49*SQRT(E$50)-3*(E26-$A$49)/(1.5+E$50))) -> 0.11283459 | F56: =IF($A$49>=F26,F41*(1-0.49*SQRT(F$50)),F41*(1-0.49*SQRT(F$50)-3*(F26-$A$49)/(1.5+F$50))) -> 0.0647548 | G56: =IF($A$49>=G26,G41*(1-0.49*SQRT(G$50)),G41*(1-0.49*SQRT(G$50)-3*(G26-$A$49)/(1.5+G$50))) -> 0.011542004 | H56: =IF($A$49>=H26,H41*(1-0.49*SQRT(H$50)),H41*(1-0.49*SQRT(H$50)-3*(H26-$A$49)/(1.5+H$50))) -> -0.048513716 | I56: =IF($A$49>=I26,I41*(1-0.49*SQRT(I$50)),I41*(1-0.49*SQRT(I$50)-3*(I26-$A$49)/(1.5+I$50))) -> -0.116473 | ... L56: =IF($A$49>=L26,L41*(1-0.49*SQRT(L$50)),L41*(1-0.49*SQRT(L$50)-3*(L26-$A$49)/(1.5+L$50))) -> -0.37611156
A57: 6000 | B57: =IF($A$49>=B27,B42*(1-0.49*SQRT(B$50)),B42*(1-0.49*SQRT(B$50)-3*(B27-$A$49)/(1.5+B$50))) -> 0.44106583 | C57: =IF($A$49>=C27,C42*(1-0.49*SQRT(C$50)),C42*(1-0.49*SQRT(C$50)-3*(C27-$A$49)/(1.5+C$50))) -> 0.25788895 | D57: =IF($A$49>=D27,D42*(1-0.49*SQRT(D$50)),D42*(1-0.49*SQRT(D$50)-3*(D27-$A$49)/(1.5+D$50))) -> 0.2053097 | E57: =IF($A$49>=E27,E42*(1-0.49*SQRT(E$50)),E42*(1-0.49*SQRT(E$50)-3*(E27-$A$49)/(1.5+E$50))) -> 0.16214212 | F57: =IF($A$49>=F27,F42*(1-0.49*SQRT(F$50)),F42*(1-0.49*SQRT(F$50)-3*(F27-$A$49)/(1.5+F$50))) -> 0.11846008 | G57: =IF($A$49>=G27,G42*(1-0.49*SQRT(G$50)),G42*(1-0.49*SQRT(G$50)-3*(G27-$A$49)/(1.5+G$50))) -> 0.070945918 | H57: =IF($A$49>=H27,H42*(1-0.49*SQRT(H$50)),H42*(1-0.49*SQRT(H$50)-3*(H27-$A$49)/(1.5+H$50))) -> 0.018035321 | I57: =IF($A$49>=I27,I42*(1-0.49*SQRT(I$50)),I42*(1-0.49*SQRT(I$50)-3*(I27-$A$49)/(1.5+I$50))) -> -0.041251162 | ... L57: =IF($A$49>=L27,L42*(1-0.49*SQRT(L$50)),L42*(1-0.49*SQRT(L$50)-3*(L27-$A$49)/(1.5+L$50))) -> -0.26498941
A58: 7000 | B58: =IF($A$49>=B28,B43*(1-0.49*SQRT(B$50)),B43*(1-0.49*SQRT(B$50)-3*(B28-$A$49)/(1.5+B$50))) -> 0.44807564 | C58: =IF($A$49>=C28,C43*(1-0.49*SQRT(C$50)),C43*(1-0.49*SQRT(C$50)-3*(C28-$A$49)/(1.5+C$50))) -> 0.28483627 | D58: =IF($A$49>=D28,D43*(1-0.49*SQRT(D$50)),D43*(1-0.49*SQRT(D$50)-3*(D28-$A$49)/(1.5+D$50))) -> 0.23619434 | E58: =IF($A$49>=E28,E43*(1-0.49*SQRT(E$50)),E43*(1-0.49*SQRT(E$50)-3*(E28-$A$49)/(1.5+E$50))) -> 0.19650261 | F58: =IF($A$49>=F28,F43*(1-0.49*SQRT(F$50)),F43*(1-0.49*SQRT(F$50)-3*(F28-$A$49)/(1.5+F$50))) -> 0.15701205 | G58: =IF($A$49>=G28,G43*(1-0.49*SQRT(G$50)),G43*(1-0.49*SQRT(G$50)-3*(G28-$A$49)/(1.5+G$50))) -> 0.11475308 | H58: =IF($A$49>=H28,H43*(1-0.49*SQRT(H$50)),H43*(1-0.49*SQRT(H$50)-3*(H28-$A$49)/(1.5+H$50))) -> 0.068302451 | I58: =IF($A$49>=I28,I43*(1-0.49*SQRT(I$50)),I43*(1-0.49*SQRT(I$50)-3*(I28-$A$49)/(1.5+I$50))) -> 0.016761445 | ... L58: =IF($A$49>=L28,L43*(1-0.49*SQRT(L$50)),L43*(1-0.49*SQRT(L$50)-3*(L28-$A$49)/(1.5+L$50))) -> -0.1753351
A59: 8000 | B59: =IF($A$49>=B29,B44*(1-0.49*SQRT(B$50)),B44*(1-0.49*SQRT(B$50)-3*(B29-$A$49)/(1.5+B$50))) -> 0.44413506 | C59: =IF($A$49>=C29,C44*(1-0.49*SQRT(C$50)),C44*(1-0.49*SQRT(C$50)-3*(C29-$A$49)/(1.5+C$50))) -> 0.29931168 | D59: =IF($A$49>=D29,D44*(1-0.49*SQRT(D$50)),D44*(1-0.49*SQRT(D$50)-3*(D29-$A$49)/(1.5+D$50))) -> 0.25464462 | E59: =IF($A$49>=E29,E44*(1-0.49*SQRT(E$50)),E44*(1-0.49*SQRT(E$50)-3*(E29-$A$49)/(1.5+E$50))) -> 0.21839494 | F59: =IF($A$49>=F29,F44*(1-0.49*SQRT(F$50)),F44*(1-0.49*SQRT(F$50)-3*(F29-$A$49)/(1.5+F$50))) -> 0.18288258 | G59: =IF($A$49>=G29,G44*(1-0.49*SQRT(G$50)),G44*(1-0.49*SQRT(G$50)-3*(G29-$A$49)/(1.5+G$50))) -> 0.14546192 | H59: =IF($A$49>=H29,H44*(1-0.49*SQRT(H$50)),H44*(1-0.49*SQRT(H$50)-3*(H29-$A$49)/(1.5+H$50))) -> 0.10484556 | I59: =IF($A$49>=I29,I44*(1-0.49*SQRT(I$50)),I44*(1-0.49*SQRT(I$50)-3*(I29-$A$49)/(1.5+I$50))) -> 0.060214235 | ... L59: =IF($A$49>=L29,L44*(1-0.49*SQRT(L$50)),L44*(1-0.49*SQRT(L$50)-3*(L29-$A$49)/(1.5+L$50))) -> -0.10403532
A60: 9000 | B60: =IF($A$49>=B30,B45*(1-0.49*SQRT(B$50)),B45*(1-0.49*SQRT(B$50)-3*(B30-$A$49)/(1.5+B$50))) -> 0.43172302 | C60: =IF($A$49>=C30,C45*(1-0.49*SQRT(C$50)),C45*(1-0.49*SQRT(C$50)-3*(C30-$A$49)/(1.5+C$50))) -> 0.3037817 | D60: =IF($A$49>=D30,D45*(1-0.49*SQRT(D$50)),D45*(1-0.49*SQRT(D$50)-3*(D30-$A$49)/(1.5+D$50))) -> 0.26304402 | E60: =IF($A$49>=E30,E45*(1-0.49*SQRT(E$50)),E45*(1-0.49*SQRT(E$50)-3*(E30-$A$49)/(1.5+E$50))) -> 0.23014525 | F60: =IF($A$49>=F30,F45*(1-0.49*SQRT(F$50)),F45*(1-0.49*SQRT(F$50)-3*(F30-$A$49)/(1.5+F$50))) -> 0.19836977 | G60: =IF($A$49>=G30,G45*(1-0.49*SQRT(G$50)),G45*(1-0.49*SQRT(G$50)-3*(G30-$A$49)/(1.5+G$50))) -> 0.16537106 | H60: =IF($A$49>=H30,H45*(1-0.49*SQRT(H$50)),H45*(1-0.49*SQRT(H$50)-3*(H30-$A$49)/(1.5+H$50))) -> 0.12999087 | I60: =IF($A$49>=I30,I45*(1-0.49*SQRT(I$50)),I45*(1-0.49*SQRT(I$50)-3*(I30-$A$49)/(1.5+I$50))) -> 0.09148696 | ... L60: =IF($A$49>=L30,L45*(1-0.49*SQRT(L$50)),L45*(1-0.49*SQRT(L$50)-3*(L30-$A$49)/(1.5+L$50))) -> -0.048400988
A61: 10000 | B61: =IF($A$49>=B31,B46*(1-0.49*SQRT(B$50)),B46*(1-0.49*SQRT(B$50)-3*(B31-$A$49)/(1.5+B$50))) -> 0.41212202 | C61: =IF($A$49>=C31,C46*(1-0.49*SQRT(C$50)),C46*(1-0.49*SQRT(C$50)-3*(C31-$A$49)/(1.5+C$50))) -> 0.29965331 | D61: =IF($A$49>=D31,D46*(1-0.49*SQRT(D$50)),D46*(1-0.49*SQRT(D$50)-3*(D31-$A$49)/(1.5+D$50))) -> 0.26278392 | E61: =IF($A$49>=E31,E46*(1-0.49*SQRT(E$50)),E46*(1-0.49*SQRT(E$50)-3*(E31-$A$49)/(1.5+E$50))) -> 0.23313908 | F61: =IF($A$49>=F31,F46*(1-0.49*SQRT(F$50)),F46*(1-0.49*SQRT(F$50)-3*(F31-$A$49)/(1.5+F$50))) -> 0.20487267 | G61: =IF($A$49>=G31,G46*(1-0.49*SQRT(G$50)),G46*(1-0.49*SQRT(G$50)-3*(G31-$A$49)/(1.5+G$50))) -> 0.17591422 | H61: =IF($A$49>=H31,H46*(1-0.49*SQRT(H$50)),H46*(1-0.49*SQRT(H$50)-3*(H31-$A$49)/(1.5+H$50))) -> 0.14522825 | I61: =IF($A$49>=I31,I46*(1-0.49*SQRT(I$50)),I46*(1-0.49*SQRT(I$50)-3*(I31-$A$49)/(1.5+I$50))) -> 0.11214695 | ... L61: =IF($A$49>=L31,L46*(1-0.49*SQRT(L$50)),L46*(1-0.49*SQRT(L$50)-3*(L31-$A$49)/(1.5+L$50))) -> -0.0065030758
A64: 0.6 | B64: Mach
B65: 0 | C65: 0.1 | D65: 0.2 | E65: 0.3 | F65: 0.4 | G65: 0.5 | H65: 0.6 | I65: 0.7 | J65: 0.8 | K65: 0.9 | L65: 1
A66: 0 | B66: =IF($A$64>=B21,B36*(1-0.49*SQRT(B$65)),B36*(1-0.49*SQRT(B$65)-3*(B21-$A$64)/(1.5+B$65))) -> 0.7 | C66: =IF($A$64>=C21,C36*(1-0.49*SQRT(C$65)),C36*(1-0.49*SQRT(C$65)-3*(C21-$A$64)/(1.5+C$65))) -> 0.32018347 | D66: =IF($A$64>=D21,D36*(1-0.49*SQRT(D$65)),D36*(1-0.49*SQRT(D$65)-3*(D21-$A$64)/(1.5+D$65))) -> 0.21473291 | E66: =IF($A$64>=E21,E36*(1-0.49*SQRT(E$65)),E36*(1-0.49*SQRT(E$65)-3*(E21-$A$64)/(1.5+E$65))) -> 0.12452429 | F66: =IF($A$64>=F21,F36*(1-0.49*SQRT(F$65)),F36*(1-0.49*SQRT(F$65)-3*(F21-$A$64)/(1.5+F$65))) -> 0.028865392 | G66: =IF($A$64>=G21,G36*(1-0.49*SQRT(G$65)),G36*(1-0.49*SQRT(G$65)-3*(G21-$A$64)/(1.5+G$65))) -> -0.078947536 | H66: =IF($A$64>=H21,H36*(1-0.49*SQRT(H$65)),H36*(1-0.49*SQRT(H$65)-3*(H21-$A$64)/(1.5+H$65))) -> -0.20200048 | I66: =IF($A$64>=I21,I36*(1-0.49*SQRT(I$65)),I36*(1-0.49*SQRT(I$65)-3*(I21-$A$64)/(1.5+I$65))) -> -0.34223576 | ... L66: =IF($A$64>=L21,L36*(1-0.49*SQRT(L$65)),L36*(1-0.49*SQRT(L$65)-3*(L21-$A$64)/(1.5+L$65))) -> -0.882 | M66: Altitude
A67: 1000 | B67: =IF($A$64>=B22,B37*(1-0.49*SQRT(B$65)),B37*(1-0.49*SQRT(B$65)-3*(B22-$A$64)/(1.5+B$65))) -> 0.76011083 | C67: =IF($A$64>=C22,C37*(1-0.49*SQRT(C$65)),C37*(1-0.49*SQRT(C$65)-3*(C22-$A$64)/(1.5+C$65))) -> 0.41494552 | D67: =IF($A$64>=D22,D37*(1-0.49*SQRT(D$65)),D37*(1-0.49*SQRT(D$65)-3*(D22-$A$64)/(1.5+D$65))) -> 0.31516475 | E67: =IF($A$64>=E22,E37*(1-0.49*SQRT(E$65)),E37*(1-0.49*SQRT(E$65)-3*(E22-$A$64)/(1.5+E$65))) -> 0.23054852 | F67: =IF($A$64>=F22,F37*(1-0.49*SQRT(F$65)),F37*(1-0.49*SQRT(F$65)-3*(F22-$A$64)/(1.5+F$65))) -> 0.14250462 | G67: =IF($A$64>=G22,G37*(1-0.49*SQRT(G$65)),G37*(1-0.49*SQRT(G$65)-3*(G22-$A$64)/(1.5+G$65))) -> 0.044908827 | H67: =IF($A$64>=H22,H37*(1-0.49*SQRT(H$65)),H37*(1-0.49*SQRT(H$65)-3*(H22-$A$64)/(1.5+H$65))) -> -0.065110036 | I67: =IF($A$64>=I22,I37*(1-0.49*SQRT(I$65)),I37*(1-0.49*SQRT(I$65)-3*(I22-$A$64)/(1.5+I$65))) -> -0.18937511 | ... L67: =IF($A$64>=L22,L37*(1-0.49*SQRT(L$65)),L37*(1-0.49*SQRT(L$65)-3*(L22-$A$64)/(1.5+L$65))) -> -0.66245066
A68: 2000 | B68: =IF($A$64>=B23,B38*(1-0.49*SQRT(B$65)),B38*(1-0.49*SQRT(B$65)-3*(B23-$A$64)/(1.5+B$65))) -> 0.79625026 | C68: =IF($A$64>=C23,C38*(1-0.49*SQRT(C$65)),C38*(1-0.49*SQRT(C$65)-3*(C23-$A$64)/(1.5+C$65))) -> 0.48366717 | D68: =IF($A$64>=D23,D38*(1-0.49*SQRT(D$65)),D38*(1-0.49*SQRT(D$65)-3*(D23-$A$64)/(1.5+D$65))) -> 0.38986716 | E68: =IF($A$64>=E23,E38*(1-0.49*SQRT(E$65)),E38*(1-0.49*SQRT(E$65)-3*(E23-$A$64)/(1.5+E$65))) -> 0.31094304 | F68: =IF($A$64>=F23,F38*(1-0.49*SQRT(F$65)),F38*(1-0.49*SQRT(F$65)-3*(F23-$A$64)/(1.5+F$65))) -> 0.23024229 | G68: =IF($A$64>=G23,G38*(1-0.49*SQRT(G$65)),G38*(1-0.49*SQRT(G$65)-3*(G23-$A$64)/(1.5+G$65))) -> 0.14219091 | H68: =IF($A$64>=H23,H38*(1-0.49*SQRT(H$65)),H38*(1-0.49*SQRT(H$65)-3*(H23-$A$64)/(1.5+H$65))) -> 0.044130668 | I68: =IF($A$64>=I23,I38*(1-0.49*SQRT(I$65)),I38*(1-0.49*SQRT(I$65)-3*(I23-$A$64)/(1.5+I$65))) -> -0.065639986 | ... L68: =IF($A$64>=L23,L38*(1-0.49*SQRT(L$65)),L38*(1-0.49*SQRT(L$65)-3*(L23-$A$64)/(1.5+L$65))) -> -0.4788769
A69: 3000 | B69: =IF($A$64>=B24,B39*(1-0.49*SQRT(B$65)),B39*(1-0.49*SQRT(B$65)-3*(B24-$A$64)/(1.5+B$65))) -> 0.81160402 | C69: =IF($A$64>=C24,C39*(1-0.49*SQRT(C$65)),C39*(1-0.49*SQRT(C$65)-3*(C24-$A$64)/(1.5+C$65))) -> 0.52948076 | D69: =IF($A$64>=D24,D39*(1-0.49*SQRT(D$65)),D39*(1-0.49*SQRT(D$65)-3*(D24-$A$64)/(1.5+D$65))) -> 0.44185929 | E69: =IF($A$64>=E24,E39*(1-0.49*SQRT(E$65)),E39*(1-0.49*SQRT(E$65)-3*(E24-$A$64)/(1.5+E$65))) -> 0.36864862 | F69: =IF($A$64>=F24,F39*(1-0.49*SQRT(F$65)),F39*(1-0.49*SQRT(F$65)-3*(F24-$A$64)/(1.5+F$65))) -> 0.29497803 | G69: =IF($A$64>=G24,G39*(1-0.49*SQRT(G$65)),G39*(1-0.49*SQRT(G$65)-3*(G24-$A$64)/(1.5+G$65))) -> 0.21579267 | H69: =IF($A$64>=H24,H39*(1-0.49*SQRT(H$65)),H39*(1-0.49*SQRT(H$65)-3*(H24-$A$64)/(1.5+H$65))) -> 0.12864329 | I69: =IF($A$64>=I24,I39*(1-0.49*SQRT(I$65)),I39*(1-0.49*SQRT(I$65)-3*(I24-$A$64)/(1.5+I$65))) -> 0.031950654 | ... L69: =IF($A$64>=L24,L39*(1-0.49*SQRT(L$65)),L39*(1-0.49*SQRT(L$65)-3*(L24-$A$64)/(1.5+L$65))) -> -0.32793914
A70: 4000 | B70: =IF($A$64>=B25,B40*(1-0.49*SQRT(B$65)),B40*(1-0.49*SQRT(B$65)-3*(B25-$A$64)/(1.5+B$65))) -> 0.80979778 | C70: =IF($A$64>=C25,C40*(1-0.49*SQRT(C$65)),C40*(1-0.49*SQRT(C$65)-3*(C25-$A$64)/(1.5+C$65))) -> 0.55606645 | D70: =IF($A$64>=D25,D40*(1-0.49*SQRT(D$65)),D40*(1-0.49*SQRT(D$65)-3*(D25-$A$64)/(1.5+D$65))) -> 0.47471767 | E70: =IF($A$64>=E25,E40*(1-0.49*SQRT(E$65)),E40*(1-0.49*SQRT(E$65)-3*(E25-$A$64)/(1.5+E$65))) -> 0.40717546 | F70: =IF($A$64>=F25,F40*(1-0.49*SQRT(F$65)),F40*(1-0.49*SQRT(F$65)-3*(F25-$A$64)/(1.5+F$65))) -> 0.34020234 | G70: =IF($A$64>=G25,G40*(1-0.49*SQRT(G$65)),G40*(1-0.49*SQRT(G$65)-3*(G25-$A$64)/(1.5+G$65))) -> 0.26923151 | H70: =IF($A$64>=H25,H40*(1-0.49*SQRT(H$65)),H40*(1-0.49*SQRT(H$65)-3*(H25-$A$64)/(1.5+H$65))) -> 0.19201724 | I70: =IF($A$64>=I25,I40*(1-0.49*SQRT(I$65)),I40*(1-0.49*SQRT(I$65)-3*(I25-$A$64)/(1.5+I$65))) -> 0.1071018 | ... L70: =IF($A$64>=L25,L40*(1-0.49*SQRT(L$65)),L40*(1-0.49*SQRT(L$65)-3*(L25-$A$64)/(1.5+L$65))) -> -0.20533065
A71: 5000 | B71: =IF($A$64>=B26,B41*(1-0.49*SQRT(B$65)),B41*(1-0.49*SQRT(B$65)-3*(B26-$A$64)/(1.5+B$65))) -> 0.79410532 | C71: =IF($A$64>=C26,C41*(1-0.49*SQRT(C$65)),C41*(1-0.49*SQRT(C$65)-3*(C26-$A$64)/(1.5+C$65))) -> 0.56673972 | D71: =IF($A$64>=D26,D41*(1-0.49*SQRT(D$65)),D41*(1-0.49*SQRT(D$65)-3*(D26-$A$64)/(1.5+D$65))) -> 0.4916626 | E71: =IF($A$64>=E26,E41*(1-0.49*SQRT(E$65)),E41*(1-0.49*SQRT(E$65)-3*(E26-$A$64)/(1.5+E$65))) -> 0.42968248 | F71: =IF($A$64>=F26,F41*(1-0.49*SQRT(F$65)),F41*(1-0.49*SQRT(F$65)-3*(F26-$A$64)/(1.5+F$65))) -> 0.36905459 | G71: =IF($A$64>=G26,G41*(1-0.49*SQRT(G$65)),G41*(1-0.49*SQRT(G$65)-3*(G26-$A$64)/(1.5+G$65))) -> 0.30566898 | H71: =IF($A$64>=H26,H41*(1-0.49*SQRT(H$65)),H41*(1-0.49*SQRT(H$65)-3*(H26-$A$64)/(1.5+H$65))) -> 0.23747641 | I71: =IF($A$64>=I26,I41*(1-0.49*SQRT(I$65)),I41*(1-0.49*SQRT(I$65)-3*(I26-$A$64)/(1.5+I$65))) -> 0.16313862 | ... L71: =IF($A$64>=L26,L41*(1-0.49*SQRT(L$65)),L41*(1-0.49*SQRT(L$65)-3*(L26-$A$64)/(1.5+L$65))) -> -0.10719547
A72: 6000 | B72: =IF($A$64>=B27,B42*(1-0.49*SQRT(B$65)),B42*(1-0.49*SQRT(B$65)-3*(B27-$A$64)/(1.5+B$65))) -> 0.76736396 | C72: =IF($A$64>=C27,C42*(1-0.49*SQRT(C$65)),C42*(1-0.49*SQRT(C$65)-3*(C27-$A$64)/(1.5+C$65))) -> 0.56440525 | D72: =IF($A$64>=D27,D42*(1-0.49*SQRT(D$65)),D42*(1-0.49*SQRT(D$65)-3*(D27-$A$64)/(1.5+D$65))) -> 0.49552309 | E72: =IF($A$64>=E27,E42*(1-0.49*SQRT(E$65)),E42*(1-0.49*SQRT(E$65)-3*(E27-$A$64)/(1.5+E$65))) -> 0.4389517 | F72: =IF($A$64>=F27,F42*(1-0.49*SQRT(F$65)),F42*(1-0.49*SQRT(F$65)-3*(F27-$A$64)/(1.5+F$65))) -> 0.38430718 | G72: =IF($A$64>=G27,G42*(1-0.49*SQRT(G$65)),G42*(1-0.49*SQRT(G$65)-3*(G27-$A$64)/(1.5+G$65))) -> 0.32790569 | H72: =IF($A$64>=H27,H42*(1-0.49*SQRT(H$65)),H42*(1-0.49*SQRT(H$65)-3*(H27-$A$64)/(1.5+H$65))) -> 0.26788646 | I72: =IF($A$64>=I27,I42*(1-0.49*SQRT(I$65)),I42*(1-0.49*SQRT(I$65)-3*(I27-$A$64)/(1.5+I$65))) -> 0.20302748 | ... L72: =IF($A$64>=L27,L42*(1-0.49*SQRT(L$65)),L42*(1-0.49*SQRT(L$65)-3*(L27-$A$64)/(1.5+L$65))) -> -0.030054758
A73: 7000 | B73: =IF($A$64>=B28,B43*(1-0.49*SQRT(B$65)),B43*(1-0.49*SQRT(B$65)-3*(B28-$A$64)/(1.5+B$65))) -> 0.73215264 | C73: =IF($A$64>=C28,C43*(1-0.49*SQRT(C$65)),C43*(1-0.49*SQRT(C$65)-3*(C28-$A$64)/(1.5+C$65))) -> 0.55169111 | D73: =IF($A$64>=D28,D43*(1-0.49*SQRT(D$65)),D43*(1-0.49*SQRT(D$65)-3*(D28-$A$64)/(1.5+D$65))) -> 0.48885577 | E73: =IF($A$64>=E28,E43*(1-0.49*SQRT(E$65)),E43*(1-0.49*SQRT(E$65)-3*(E28-$A$64)/(1.5+E$65))) -> 0.4374946 | F73: =IF($A$64>=F28,F43*(1-0.49*SQRT(F$65)),F43*(1-0.49*SQRT(F$65)-3*(F28-$A$64)/(1.5+F$65))) -> 0.38846005 | G73: =IF($A$64>=G28,G43*(1-0.49*SQRT(G$65)),G43*(1-0.49*SQRT(G$65)-3*(G28-$A$64)/(1.5+G$65))) -> 0.33846372 | H73: =IF($A$64>=H28,H43*(1-0.49*SQRT(H$65)),H43*(1-0.49*SQRT(H$65)-3*(H28-$A$64)/(1.5+H$65))) -> 0.28582427 | I73: =IF($A$64>=I28,I43*(1-0.49*SQRT(I$65)),I43*(1-0.49*SQRT(I$65)-3*(I28-$A$64)/(1.5+I$65))) -> 0.22943182 | ... L73: =IF($A$64>=L28,L43*(1-0.49*SQRT(L$65)),L43*(1-0.49*SQRT(L$65)-3*(L28-$A$64)/(1.5+L$65))) -> 0.029200335
A74: 8000 | B74: =IF($A$64>=B29,B44*(1-0.49*SQRT(B$65)),B44*(1-0.49*SQRT(B$65)-3*(B29-$A$64)/(1.5+B$65))) -> 0.69048254 | C74: =IF($A$64>=C29,C44*(1-0.49*SQRT(C$65)),C44*(1-0.49*SQRT(C$65)-3*(C29-$A$64)/(1.5+C$65))) -> 0.53072435 | D74: =IF($A$64>=D29,D44*(1-0.49*SQRT(D$65)),D44*(1-0.49*SQRT(D$65)-3*(D29-$A$64)/(1.5+D$65))) -> 0.47374897 | E74: =IF($A$64>=E29,E44*(1-0.49*SQRT(E$65)),E44*(1-0.49*SQRT(E$65)-3*(E29-$A$64)/(1.5+E$65))) -> 0.42737972 | F74: =IF($A$64>=F29,F44*(1-0.49*SQRT(F$65)),F44*(1-0.49*SQRT(F$65)-3*(F29-$A$64)/(1.5+F$65))) -> 0.38359095 | G74: =IF($A$64>=G29,G44*(1-0.49*SQRT(G$65)),G44*(1-0.49*SQRT(G$65)-3*(G29-$A$64)/(1.5+G$65))) -> 0.33946057 | H74: =IF($A$64>=H29,H44*(1-0.49*SQRT(H$65)),H44*(1-0.49*SQRT(H$65)-3*(H29-$A$64)/(1.5+H$65))) -> 0.29347734 | I74: =IF($A$64>=I29,I44*(1-0.49*SQRT(I$65)),I44*(1-0.49*SQRT(I$65)-3*(I29-$A$64)/(1.5+I$65))) -> 0.24463892 | ... L74: =IF($A$64>=L29,L44*(1-0.49*SQRT(L$65)),L44*(1-0.49*SQRT(L$65)-3*(L29-$A$64)/(1.5+L$65))) -> 0.073334863
A75: 9000 | B75: =IF($A$64>=B30,B45*(1-0.49*SQRT(B$65)),B45*(1-0.49*SQRT(B$65)-3*(B30-$A$64)/(1.5+B$65))) -> 0.64455619 | C75: =IF($A$64>=C30,C45*(1-0.49*SQRT(C$65)),C45*(1-0.49*SQRT(C$65)-3*(C30-$A$64)/(1.5+C$65))) -> 0.50371185 | D75: =IF($A$64>=D30,D45*(1-0.49*SQRT(D$65)),D45*(1-0.49*SQRT(D$65)-3*(D30-$A$64)/(1.5+D$65))) -> 0.45234035 | E75: =IF($A$64>=E30,E45*(1-0.49*SQRT(E$65)),E45*(1-0.49*SQRT(E$65)-3*(E30-$A$64)/(1.5+E$65))) -> 0.41069872 | F75: =IF($A$64>=F30,F45*(1-0.49*SQRT(F$65)),F45*(1-0.49*SQRT(F$65)-3*(F30-$A$64)/(1.5+F$65))) -> 0.37177279 | G75: =IF($A$64>=G30,G45*(1-0.49*SQRT(G$65)),G45*(1-0.49*SQRT(G$65)-3*(G30-$A$64)/(1.5+G$65))) -> 0.33297718 | H75: =IF($A$64>=H30,H45*(1-0.49*SQRT(H$65)),H45*(1-0.49*SQRT(H$65)-3*(H30-$A$64)/(1.5+H$65))) -> 0.29296027 | I75: =IF($A$64>=I30,I45*(1-0.49*SQRT(I$65)),I45*(1-0.49*SQRT(I$65)-3*(I30-$A$64)/(1.5+I$65))) -> 0.25082161 | ... L75: =IF($A$64>=L30,L45*(1-0.49*SQRT(L$65)),L45*(1-0.49*SQRT(L$65)-3*(L30-$A$64)/(1.5+L$65))) -> 0.10483889
A76: 10000 | B76: =IF($A$64>=B31,B46*(1-0.49*SQRT(B$65)),B46*(1-0.49*SQRT(B$65)-3*(B31-$A$64)/(1.5+B$65))) -> 0.59524147 | C76: =IF($A$64>=C31,C46*(1-0.49*SQRT(C$65)),C46*(1-0.49*SQRT(C$65)-3*(C31-$A$64)/(1.5+C$65))) -> 0.47167114 | D76: =IF($A$64>=D31,D46*(1-0.49*SQRT(D$65)),D46*(1-0.49*SQRT(D$65)-3*(D31-$A$64)/(1.5+D$65))) -> 0.42565251 | E76: =IF($A$64>=E31,E46*(1-0.49*SQRT(E$65)),E46*(1-0.49*SQRT(E$65)-3*(E31-$A$64)/(1.5+E$65))) -> 0.38848541 | F76: =IF($A$64>=F31,F46*(1-0.49*SQRT(F$65)),F46*(1-0.49*SQRT(F$65)-3*(F31-$A$64)/(1.5+F$65))) -> 0.35406683 | G76: =IF($A$64>=G31,G46*(1-0.49*SQRT(G$65)),G46*(1-0.49*SQRT(G$65)-3*(G31-$A$64)/(1.5+G$65))) -> 0.32012079 | H76: =IF($A$64>=H31,H46*(1-0.49*SQRT(H$65)),H46*(1-0.49*SQRT(H$65)-3*(H31-$A$64)/(1.5+H$65))) -> 0.28544543 | I76: =IF($A$64>=I31,I46*(1-0.49*SQRT(I$65)),I46*(1-0.49*SQRT(I$65)-3*(I31-$A$64)/(1.5+I$65))) -> 0.24923682 | ... L76: =IF($A$64>=L31,L46*(1-0.49*SQRT(L$65)),L46*(1-0.49*SQRT(L$65)-3*(L31-$A$64)/(1.5+L$65))) -> 0.12534293
A79: 0.7 | B79: Mach
B80: 0 | C80: 0.1 | D80: 0.2 | E80: 0.3 | F80: 0.4 | G80: 0.5 | H80: 0.6 | I80: 0.7 | J80: 0.8 | K80: 0.9 | L80: 1
A81: 0 | B81: =IF($A$79>=B21,B36*(1-0.49*SQRT(B$80)),B36*(1-0.49*SQRT(B$80)-3*(B21-$A$79)/(1.5+B$80))) -> 1.4 | C81: =IF($A$79>=C21,C36*(1-0.49*SQRT(C$80)),C36*(1-0.49*SQRT(C$80)-3*(C21-$A$79)/(1.5+C$80))) -> 0.97774597 | D81: =IF($A$79>=D21,D36*(1-0.49*SQRT(D$80)),D36*(1-0.49*SQRT(D$80)-3*(D21-$A$79)/(1.5+D$80))) -> 0.83732115 | E81: =IF($A$79>=E21,E36*(1-0.49*SQRT(E$80)),E36*(1-0.49*SQRT(E$80)-3*(E21-$A$79)/(1.5+E$80))) -> 0.71835762 | F81: =IF($A$79>=F21,F36*(1-0.49*SQRT(F$80)),F36*(1-0.49*SQRT(F$80)-3*(F21-$A$79)/(1.5+F$80))) -> 0.59918118 | G81: =IF($A$79>=G21,G36*(1-0.49*SQRT(G$80)),G36*(1-0.49*SQRT(G$80)-3*(G21-$A$79)/(1.5+G$80))) -> 0.47230246 | H81: =IF($A$79>=H21,H36*(1-0.49*SQRT(H$80)),H36*(1-0.49*SQRT(H$80)-3*(H21-$A$79)/(1.5+H$80))) -> 0.33399952 | I81: =IF($A$79>=I21,I36*(1-0.49*SQRT(I$80)),I36*(1-0.49*SQRT(I$80)-3*(I21-$A$79)/(1.5+I$80))) -> 0.18180969 | ... L81: =IF($A$79>=L21,L36*(1-0.49*SQRT(L$80)),L36*(1-0.49*SQRT(L$80)-3*(L21-$A$79)/(1.5+L$80))) -> -0.378 | M81: Altitude
A82: 1000 | B82: =IF($A$79>=B22,B37*(1-0.49*SQRT(B$80)),B37*(1-0.49*SQRT(B$80)-3*(B22-$A$79)/(1.5+B$80))) -> 1.3811967 | C82: =IF($A$79>=C22,C37*(1-0.49*SQRT(C$80)),C37*(1-0.49*SQRT(C$80)-3*(C22-$A$79)/(1.5+C$80))) -> 0.99837807 | D82: =IF($A$79>=D22,D37*(1-0.49*SQRT(D$80)),D37*(1-0.49*SQRT(D$80)-3*(D22-$A$79)/(1.5+D$80))) -> 0.86756584 | E82: =IF($A$79>=E22,E37*(1-0.49*SQRT(E$80)),E37*(1-0.49*SQRT(E$80)-3*(E22-$A$79)/(1.5+E$80))) -> 0.75743638 | F82: =IF($A$79>=F22,F37*(1-0.49*SQRT(F$80)),F37*(1-0.49*SQRT(F$80)-3*(F22-$A$79)/(1.5+F$80))) -> 0.64852617 | G82: =IF($A$79>=G22,G37*(1-0.49*SQRT(G$80)),G37*(1-0.49*SQRT(G$80)-3*(G22-$A$79)/(1.5+G$80))) -> 0.53401396 | H82: =IF($A$79>=H22,H37*(1-0.49*SQRT(H$80)),H37*(1-0.49*SQRT(H$80)-3*(H22-$A$79)/(1.5+H$80))) -> 0.4104643 | I82: =IF($A$79>=I22,I37*(1-0.49*SQRT(I$80)),I37*(1-0.49*SQRT(I$80)-3*(I22-$A$79)/(1.5+I$80))) -> 0.27559237 | ... L82: =IF($A$79>=L22,L37*(1-0.49*SQRT(L$80)),L37*(1-0.49*SQRT(L$80)-3*(L22-$A$79)/(1.5+L$80))) -> -0.21526882
A83: 2000 | B83: =IF($A$79>=B23,B38*(1-0.49*SQRT(B$80)),B38*(1-0.49*SQRT(B$80)-3*(B23-$A$79)/(1.5+B$80))) -> 1.3456086 | C83: =IF($A$79>=C23,C38*(1-0.49*SQRT(C$80)),C38*(1-0.49*SQRT(C$80)-3*(C23-$A$79)/(1.5+C$80))) -> 0.99972066 | D83: =IF($A$79>=D23,D38*(1-0.49*SQRT(D$80)),D38*(1-0.49*SQRT(D$80)-3*(D23-$A$79)/(1.5+D$80))) -> 0.87847294 | E83: =IF($A$79>=E23,E38*(1-0.49*SQRT(E$80)),E38*(1-0.49*SQRT(E$80)-3*(E23-$A$79)/(1.5+E$80))) -> 0.77698204 | F83: =IF($A$79>=F23,F38*(1-0.49*SQRT(F$80)),F38*(1-0.49*SQRT(F$80)-3*(F23-$A$79)/(1.5+F$80))) -> 0.67782477 | G83: =IF($A$79>=G23,G38*(1-0.49*SQRT(G$80)),G38*(1-0.49*SQRT(G$80)-3*(G23-$A$79)/(1.5+G$80))) -> 0.57481061 | H83: =IF($A$79>=H23,H38*(1-0.49*SQRT(H$80)),H38*(1-0.49*SQRT(H$80)-3*(H23-$A$79)/(1.5+H$80))) -> 0.4647822 | I83: =IF($A$79>=I23,I38*(1-0.49*SQRT(I$80)),I38*(1-0.49*SQRT(I$80)-3*(I23-$A$79)/(1.5+I$80))) -> 0.34562964 | ... L83: =IF($A$79>=L23,L38*(1-0.49*SQRT(L$80)),L38*(1-0.49*SQRT(L$80)-3*(L23-$A$79)/(1.5+L$80))) -> -0.08333889
A84: 3000 | B84: =IF($A$79>=B24,B39*(1-0.49*SQRT(B$80)),B39*(1-0.49*SQRT(B$80)-3*(B24-$A$79)/(1.5+B$80))) -> 1.296145 | C84: =IF($A$79>=C24,C39*(1-0.49*SQRT(C$80)),C39*(1-0.49*SQRT(C$80)-3*(C24-$A$79)/(1.5+C$80))) -> 0.98464644 | D84: =IF($A$79>=D24,D39*(1-0.49*SQRT(D$80)),D39*(1-0.49*SQRT(D$80)-3*(D24-$A$79)/(1.5+D$80))) -> 0.87281573 | E84: =IF($A$79>=E24,E39*(1-0.49*SQRT(E$80)),E39*(1-0.49*SQRT(E$80)-3*(E24-$A$79)/(1.5+E$80))) -> 0.77970088 | F84: =IF($A$79>=F24,F39*(1-0.49*SQRT(F$80)),F39*(1-0.49*SQRT(F$80)-3*(F24-$A$79)/(1.5+F$80))) -> 0.68975141 | G84: =IF($A$79>=G24,G39*(1-0.49*SQRT(G$80)),G39*(1-0.49*SQRT(G$80)-3*(G24-$A$79)/(1.5+G$80))) -> 0.59736868 | H84: =IF($A$79>=H24,H39*(1-0.49*SQRT(H$80)),H39*(1-0.49*SQRT(H$80)-3*(H24-$A$79)/(1.5+H$80))) -> 0.49966323 | I84: =IF($A$79>=I24,I39*(1-0.49*SQRT(I$80)),I39*(1-0.49*SQRT(I$80)-3*(I24-$A$79)/(1.5+I$80))) -> 0.39469564 | ... L84: =IF($A$79>=L24,L39*(1-0.49*SQRT(L$80)),L39*(1-0.49*SQRT(L$80)-3*(L24-$A$79)/(1.5+L$80))) -> 0.020930354
A85: 4000 | B85: =IF($A$79>=B25,B40*(1-0.49*SQRT(B$80)),B40*(1-0.49*SQRT(B$80)-3*(B25-$A$79)/(1.5+B$80))) -> 1.2358787 | C85: =IF($A$79>=C25,C40*(1-0.49*SQRT(C$80)),C40*(1-0.49*SQRT(C$80)-3*(C25-$A$79)/(1.5+C$80))) -> 0.95631624 | D85: =IF($A$79>=D25,D40*(1-0.49*SQRT(D$80)),D40*(1-0.49*SQRT(D$80)-3*(D25-$A$79)/(1.5+D$80))) -> 0.85367908 | E85: =IF($A$79>=E25,E40*(1-0.49*SQRT(E$80)),E40*(1-0.49*SQRT(E$80)-3*(E25-$A$79)/(1.5+E$80))) -> 0.76863413 | F85: =IF($A$79>=F25,F40*(1-0.49*SQRT(F$80)),F40*(1-0.49*SQRT(F$80)-3*(F25-$A$79)/(1.5+F$80))) -> 0.68734618 | G85: =IF($A$79>=G25,G40*(1-0.49*SQRT(G$80)),G40*(1-0.49*SQRT(G$80)-3*(G25-$A$79)/(1.5+G$80))) -> 0.60477026 | H85: =IF($A$79>=H25,H40*(1-0.49*SQRT(H$80)),H40*(1-0.49*SQRT(H$80)-3*(H25-$A$79)/(1.5+H$80))) -> 0.51827351 | I85: =IF($A$79>=I25,I40*(1-0.49*SQRT(I$80)),I40*(1-0.49*SQRT(I$80)-3*(I25-$A$79)/(1.5+I$80))) -> 0.42608149 | ... L85: =IF($A$79>=L25,L40*(1-0.49*SQRT(L$80)),L40*(1-0.49*SQRT(L$80)-3*(L25-$A$79)/(1.5+L$80))) -> 0.10144763
A86: 5000 | B86: =IF($A$79>=B26,B41*(1-0.49*SQRT(B$80)),B41*(1-0.49*SQRT(B$80)-3*(B26-$A$79)/(1.5+B$80))) -> 1.1675999 | C86: =IF($A$79>=C26,C41*(1-0.49*SQRT(C$80)),C41*(1-0.49*SQRT(C$80)-3*(C26-$A$79)/(1.5+C$80))) -> 0.91759118 | D86: =IF($A$79>=D26,D41*(1-0.49*SQRT(D$80)),D41*(1-0.49*SQRT(D$80)-3*(D26-$A$79)/(1.5+D$80))) -> 0.82385307 | E86: =IF($A$79>=E26,E41*(1-0.49*SQRT(E$80)),E41*(1-0.49*SQRT(E$80)-3*(E26-$A$79)/(1.5+E$80))) -> 0.74653038 | F86: =IF($A$79>=F26,F41*(1-0.49*SQRT(F$80)),F41*(1-0.49*SQRT(F$80)-3*(F26-$A$79)/(1.5+F$80))) -> 0.67335437 | G86: =IF($A$79>=G26,G41*(1-0.49*SQRT(G$80)),G41*(1-0.49*SQRT(G$80)-3*(G26-$A$79)/(1.5+G$80))) -> 0.59979595 | H86: =IF($A$79>=H26,H41*(1-0.49*SQRT(H$80)),H41*(1-0.49*SQRT(H$80)-3*(H26-$A$79)/(1.5+H$80))) -> 0.52346654 | I86: =IF($A$79>=I26,I41*(1-0.49*SQRT(I$80)),I41*(1-0.49*SQRT(I$80)-3*(I26-$A$79)/(1.5+I$80))) -> 0.44275023 | ... L86: =IF($A$79>=L26,L41*(1-0.49*SQRT(L$80)),L41*(1-0.49*SQRT(L$80)-3*(L26-$A$79)/(1.5+L$80))) -> 0.16172062
A87: 6000 | B87: =IF($A$79>=B27,B42*(1-0.49*SQRT(B$80)),B42*(1-0.49*SQRT(B$80)-3*(B27-$A$79)/(1.5+B$80))) -> 1.0936621 | C87: =IF($A$79>=C27,C42*(1-0.49*SQRT(C$80)),C42*(1-0.49*SQRT(C$80)-3*(C27-$A$79)/(1.5+C$80))) -> 0.87092155 | D87: =IF($A$79>=D27,D42*(1-0.49*SQRT(D$80)),D42*(1-0.49*SQRT(D$80)-3*(D27-$A$79)/(1.5+D$80))) -> 0.78573648 | E87: =IF($A$79>=E27,E42*(1-0.49*SQRT(E$80)),E42*(1-0.49*SQRT(E$80)-3*(E27-$A$79)/(1.5+E$80))) -> 0.71576127 | F87: =IF($A$79>=F27,F42*(1-0.49*SQRT(F$80)),F42*(1-0.49*SQRT(F$80)-3*(F27-$A$79)/(1.5+F$80))) -> 0.65015429 | G87: =IF($A$79>=G27,G42*(1-0.49*SQRT(G$80)),G42*(1-0.49*SQRT(G$80)-3*(G27-$A$79)/(1.5+G$80))) -> 0.58486546 | H87: =IF($A$79>=H27,H42*(1-0.49*SQRT(H$80)),H42*(1-0.49*SQRT(H$80)-3*(H27-$A$79)/(1.5+H$80))) -> 0.51773759 | I87: =IF($A$79>=I27,I42*(1-0.49*SQRT(I$80)),I42*(1-0.49*SQRT(I$80)-3*(I27-$A$79)/(1.5+I$80))) -> 0.44730612 | ... L87: =IF($A$79>=L27,L42*(1-0.49*SQRT(L$80)),L42*(1-0.49*SQRT(L$80)-3*(L27-$A$79)/(1.5+L$80))) -> 0.20487989
A88: 7000 | B88: =IF($A$79>=B28,B43*(1-0.49*SQRT(B$80)),B43*(1-0.49*SQRT(B$80)-3*(B28-$A$79)/(1.5+B$80))) -> 1.0162296 | C88: =IF($A$79>=C28,C43*(1-0.49*SQRT(C$80)),C43*(1-0.49*SQRT(C$80)-3*(C28-$A$79)/(1.5+C$80))) -> 0.81854594 | D88: =IF($A$79>=D28,D43*(1-0.49*SQRT(D$80)),D43*(1-0.49*SQRT(D$80)-3*(D28-$A$79)/(1.5+D$80))) -> 0.74151719 | E88: =IF($A$79>=E28,E43*(1-0.49*SQRT(E$80)),E43*(1-0.49*SQRT(E$80)-3*(E28-$A$79)/(1.5+E$80))) -> 0.67848658 | F88: =IF($A$79>=F28,F43*(1-0.49*SQRT(F$80)),F43*(1-0.49*SQRT(F$80)-3*(F28-$A$79)/(1.5+F$80))) -> 0.61990805 | G88: =IF($A$79>=G28,G43*(1-0.49*SQRT(G$80)),G43*(1-0.49*SQRT(G$80)-3*(G28-$A$79)/(1.5+G$80))) -> 0.56217436 | H88: =IF($A$79>=H28,H43*(1-0.49*SQRT(H$80)),H43*(1-0.49*SQRT(H$80)-3*(H28-$A$79)/(1.5+H$80))) -> 0.50334608 | I88: =IF($A$79>=I28,I43*(1-0.49*SQRT(I$80)),I43*(1-0.49*SQRT(I$80)-3*(I28-$A$79)/(1.5+I$80))) -> 0.44210219 | ... L88: =IF($A$79>=L28,L43*(1-0.49*SQRT(L$80)),L43*(1-0.49*SQRT(L$80)-3*(L28-$A$79)/(1.5+L$80))) -> 0.23373577
A89: 8000 | B89: =IF($A$79>=B29,B44*(1-0.49*SQRT(B$80)),B44*(1-0.49*SQRT(B$80)-3*(B29-$A$79)/(1.5+B$80))) -> 0.93683002 | C89: =IF($A$79>=C29,C44*(1-0.49*SQRT(C$80)),C44*(1-0.49*SQRT(C$80)-3*(C29-$A$79)/(1.5+C$80))) -> 0.76213702 | D89: =IF($A$79>=D29,D44*(1-0.49*SQRT(D$80)),D44*(1-0.49*SQRT(D$80)-3*(D29-$A$79)/(1.5+D$80))) -> 0.69285332 | E89: =IF($A$79>=E29,E44*(1-0.49*SQRT(E$80)),E44*(1-0.49*SQRT(E$80)-3*(E29-$A$79)/(1.5+E$80))) -> 0.6363645 | F89: =IF($A$79>=F29,F44*(1-0.49*SQRT(F$80)),F44*(1-0.49*SQRT(F$80)-3*(F29-$A$79)/(1.5+F$80))) -> 0.58429932 | G89: =IF($A$79>=G29,G44*(1-0.49*SQRT(G$80)),G44*(1-0.49*SQRT(G$80)-3*(G29-$A$79)/(1.5+G$80))) -> 0.53345921 | H89: =IF($A$79>=H29,H44*(1-0.49*SQRT(H$80)),H44*(1-0.49*SQRT(H$80)-3*(H29-$A$79)/(1.5+H$80))) -> 0.48210913 | I89: =IF($A$79>=I29,I44*(1-0.49*SQRT(I$80)),I44*(1-0.49*SQRT(I$80)-3*(I29-$A$79)/(1.5+I$80))) -> 0.4290636 | ... L89: =IF($A$79>=L29,L44*(1-0.49*SQRT(L$80)),L44*(1-0.49*SQRT(L$80)-3*(L29-$A$79)/(1.5+L$80))) -> 0.25070505
A90: 9000 | B90: =IF($A$79>=B30,B45*(1-0.49*SQRT(B$80)),B45*(1-0.49*SQRT(B$80)-3*(B30-$A$79)/(1.5+B$80))) -> 0.85738935 | C90: =IF($A$79>=C30,C45*(1-0.49*SQRT(C$80)),C45*(1-0.49*SQRT(C$80)-3*(C30-$A$79)/(1.5+C$80))) -> 0.70364201 | D90: =IF($A$79>=D30,D45*(1-0.49*SQRT(D$80)),D45*(1-0.49*SQRT(D$80)-3*(D30-$A$79)/(1.5+D$80))) -> 0.64163667 | E90: =IF($A$79>=E30,E45*(1-0.49*SQRT(E$80)),E45*(1-0.49*SQRT(E$80)-3*(E30-$A$79)/(1.5+E$80))) -> 0.59125219 | F90: =IF($A$79>=F30,F45*(1-0.49*SQRT(F$80)),F45*(1-0.49*SQRT(F$80)-3*(F30-$A$79)/(1.5+F$80))) -> 0.54517582 | G90: =IF($A$79>=G30,G45*(1-0.49*SQRT(G$80)),G45*(1-0.49*SQRT(G$80)-3*(G30-$A$79)/(1.5+G$80))) -> 0.5005833 | H90: =IF($A$79>=H30,H45*(1-0.49*SQRT(H$80)),H45*(1-0.49*SQRT(H$80)-3*(H30-$A$79)/(1.5+H$80))) -> 0.45592967 | I90: =IF($A$79>=I30,I45*(1-0.49*SQRT(I$80)),I45*(1-0.49*SQRT(I$80)-3*(I30-$A$79)/(1.5+I$80))) -> 0.41015626 | ... L90: =IF($A$79>=L30,L45*(1-0.49*SQRT(L$80)),L45*(1-0.49*SQRT(L$80)-3*(L30-$A$79)/(1.5+L$80))) -> 0.25807877
A91: 10000 | B91: =IF($A$79>=B31,B46*(1-0.49*SQRT(B$80)),B46*(1-0.49*SQRT(B$80)-3*(B31-$A$79)/(1.5+B$80))) -> 0.77836092 | C91: =IF($A$79>=C31,C46*(1-0.49*SQRT(C$80)),C46*(1-0.49*SQRT(C$80)-3*(C31-$A$79)/(1.5+C$80))) -> 0.64368898 | D91: =IF($A$79>=D31,D46*(1-0.49*SQRT(D$80)),D46*(1-0.49*SQRT(D$80)-3*(D31-$A$79)/(1.5+D$80))) -> 0.5885211 | E91: =IF($A$79>=E31,E46*(1-0.49*SQRT(E$80)),E46*(1-0.49*SQRT(E$80)-3*(E31-$A$79)/(1.5+E$80))) -> 0.54383174 | F91: =IF($A$79>=F31,F46*(1-0.49*SQRT(F$80)),F46*(1-0.49*SQRT(F$80)-3*(F31-$A$79)/(1.5+F$80))) -> 0.50326099 | G91: =IF($A$79>=G31,G46*(1-0.49*SQRT(G$80)),G46*(1-0.49*SQRT(G$80)-3*(G31-$A$79)/(1.5+G$80))) -> 0.46432735 | H91: =IF($A$79>=H31,H46*(1-0.49*SQRT(H$80)),H46*(1-0.49*SQRT(H$80)-3*(H31-$A$79)/(1.5+H$80))) -> 0.42566261 | I91: =IF($A$79>=I31,I46*(1-0.49*SQRT(I$80)),I46*(1-0.49*SQRT(I$80)-3*(I31-$A$79)/(1.5+I$80))) -> 0.3863267 | ... L91: =IF($A$79>=L31,L46*(1-0.49*SQRT(L$80)),L46*(1-0.49*SQRT(L$80)-3*(L31-$A$79)/(1.5+L$80))) -> 0.25718893
A94: 0.8 | B94: Mach
B95: 0 | C95: 0.1 | D95: 0.2 | E95: 0.3 | F95: 0.4 | G95: 0.5 | H95: 0.6 | I95: 0.7 | J95: 0.8 | K95: 0.9 | L95: 1
A96: 0 | B96: =IF($A$94>=B21,B36*(1-0.49*SQRT(B$95)),B36*(1-0.49*SQRT(B$95)-3*(B21-$A$94)/(1.5+B$95))) -> 2.1 | C96: =IF($A$94>=C21,C36*(1-0.49*SQRT(C$95)),C36*(1-0.49*SQRT(C$95)-3*(C21-$A$94)/(1.5+C$95))) -> 1.6353085 | D96: =IF($A$94>=D21,D36*(1-0.49*SQRT(D$95)),D36*(1-0.49*SQRT(D$95)-3*(D21-$A$94)/(1.5+D$95))) -> 1.4599094 | E96: =IF($A$94>=E21,E36*(1-0.49*SQRT(E$95)),E36*(1-0.49*SQRT(E$95)-3*(E21-$A$94)/(1.5+E$95))) -> 1.312191 | F96: =IF($A$94>=F21,F36*(1-0.49*SQRT(F$95)),F36*(1-0.49*SQRT(F$95)-3*(F21-$A$94)/(1.5+F$95))) -> 1.169497 | G96: =IF($A$94>=G21,G36*(1-0.49*SQRT(G$95)),G36*(1-0.49*SQRT(G$95)-3*(G21-$A$94)/(1.5+G$95))) -> 1.0235525 | H96: =IF($A$94>=H21,H36*(1-0.49*SQRT(H$95)),H36*(1-0.49*SQRT(H$95)-3*(H21-$A$94)/(1.5+H$95))) -> 0.86999952 | I96: =IF($A$94>=I21,I36*(1-0.49*SQRT(I$95)),I36*(1-0.49*SQRT(I$95)-3*(I21-$A$94)/(1.5+I$95))) -> 0.70585515 | ... L96: =IF($A$94>=L21,L36*(1-0.49*SQRT(L$95)),L36*(1-0.49*SQRT(L$95)-3*(L21-$A$94)/(1.5+L$95))) -> 0.126 | M96: Altitude
A97: 1000 | B97: =IF($A$94>=B22,B37*(1-0.49*SQRT(B$95)),B37*(1-0.49*SQRT(B$95)-3*(B22-$A$94)/(1.5+B$95))) -> 2.0022826 | C97: =IF($A$94>=C22,C37*(1-0.49*SQRT(C$95)),C37*(1-0.49*SQRT(C$95)-3*(C22-$A$94)/(1.5+C$95))) -> 1.5818106 | D97: =IF($A$94>=D22,D37*(1-0.49*SQRT(D$95)),D37*(1-0.49*SQRT(D$95)-3*(D22-$A$94)/(1.5+D$95))) -> 1.4199669 | E97: =IF($A$94>=E22,E37*(1-0.49*SQRT(E$95)),E37*(1-0.49*SQRT(E$95)-3*(E22-$A$94)/(1.5+E$95))) -> 1.2843242 | F97: =IF($A$94>=F22,F37*(1-0.49*SQRT(F$95)),F37*(1-0.49*SQRT(F$95)-3*(F22-$A$94)/(1.5+F$95))) -> 1.1545477 | G97: =IF($A$94>=G22,G37*(1-0.49*SQRT(G$95)),G37*(1-0.49*SQRT(G$95)-3*(G22-$A$94)/(1.5+G$95))) -> 1.0231191 | H97: =IF($A$94>=H22,H37*(1-0.49*SQRT(H$95)),H37*(1-0.49*SQRT(H$95)-3*(H22-$A$94)/(1.5+H$95))) -> 0.88603863 | I97: =IF($A$94>=I22,I37*(1-0.49*SQRT(I$95)),I37*(1-0.49*SQRT(I$95)-3*(I22-$A$94)/(1.5+I$95))) -> 0.74055984 | ... L97: =IF($A$94>=L22,L37*(1-0.49*SQRT(L$95)),L37*(1-0.49*SQRT(L$95)-3*(L22-$A$94)/(1.5+L$95))) -> 0.23191302
A98: 2000 | B98: =IF($A$94>=B23,B38*(1-0.49*SQRT(B$95)),B38*(1-0.49*SQRT(B$95)-3*(B23-$A$94)/(1.5+B$95))) -> 1.8949669 | C98: =IF($A$94>=C23,C38*(1-0.49*SQRT(C$95)),C38*(1-0.49*SQRT(C$95)-3*(C23-$A$94)/(1.5+C$95))) -> 1.5157742 | D98: =IF($A$94>=D23,D38*(1-0.49*SQRT(D$95)),D38*(1-0.49*SQRT(D$95)-3*(D23-$A$94)/(1.5+D$95))) -> 1.3670787 | E98: =IF($A$94>=E23,E38*(1-0.49*SQRT(E$95)),E38*(1-0.49*SQRT(E$95)-3*(E23-$A$94)/(1.5+E$95))) -> 1.243021 | F98: =IF($A$94>=F23,F38*(1-0.49*SQRT(F$95)),F38*(1-0.49*SQRT(F$95)-3*(F23-$A$94)/(1.5+F$95))) -> 1.1254073 | G98: =IF($A$94>=G23,G38*(1-0.49*SQRT(G$95)),G38*(1-0.49*SQRT(G$95)-3*(G23-$A$94)/(1.5+G$95))) -> 1.0074303 | H98: =IF($A$94>=H23,H38*(1-0.49*SQRT(H$95)),H38*(1-0.49*SQRT(H$95)-3*(H23-$A$94)/(1.5+H$95))) -> 0.88543373 | I98: =IF($A$94>=I23,I38*(1-0.49*SQRT(I$95)),I38*(1-0.49*SQRT(I$95)-3*(I23-$A$94)/(1.5+I$95))) -> 0.75689928 | ... L98: =IF($A$94>=L23,L38*(1-0.49*SQRT(L$95)),L38*(1-0.49*SQRT(L$95)-3*(L23-$A$94)/(1.5+L$95))) -> 0.31219912
A99: 3000 | B99: =IF($A$94>=B24,B39*(1-0.49*SQRT(B$95)),B39*(1-0.49*SQRT(B$95)-3*(B24-$A$94)/(1.5+B$95))) -> 1.780686 | C99: =IF($A$94>=C24,C39*(1-0.49*SQRT(C$95)),C39*(1-0.49*SQRT(C$95)-3*(C24-$A$94)/(1.5+C$95))) -> 1.4398121 | D99: =IF($A$94>=D24,D39*(1-0.49*SQRT(D$95)),D39*(1-0.49*SQRT(D$95)-3*(D24-$A$94)/(1.5+D$95))) -> 1.3037722 | E99: =IF($A$94>=E24,E39*(1-0.49*SQRT(E$95)),E39*(1-0.49*SQRT(E$95)-3*(E24-$A$94)/(1.5+E$95))) -> 1.1907531 | F99: =IF($A$94>=F24,F39*(1-0.49*SQRT(F$95)),F39*(1-0.49*SQRT(F$95)-3*(F24-$A$94)/(1.5+F$95))) -> 1.0845248 | G99: =IF($A$94>=G24,G39*(1-0.49*SQRT(G$95)),G39*(1-0.49*SQRT(G$95)-3*(G24-$A$94)/(1.5+G$95))) -> 0.97894469 | H99: =IF($A$94>=H24,H39*(1-0.49*SQRT(H$95)),H39*(1-0.49*SQRT(H$95)-3*(H24-$A$94)/(1.5+H$95))) -> 0.87068317 | I99: =IF($A$94>=I24,I39*(1-0.49*SQRT(I$95)),I39*(1-0.49*SQRT(I$95)-3*(I24-$A$94)/(1.5+I$95))) -> 0.75744063 | ... L99: =IF($A$94>=L24,L39*(1-0.49*SQRT(L$95)),L39*(1-0.49*SQRT(L$95)-3*(L24-$A$94)/(1.5+L$95))) -> 0.36979985
A100: 4000 | B100: =IF($A$94>=B25,B40*(1-0.49*SQRT(B$95)),B40*(1-0.49*SQRT(B$95)-3*(B25-$A$94)/(1.5+B$95))) -> 1.6619597 | C100: =IF($A$94>=C25,C40*(1-0.49*SQRT(C$95)),C40*(1-0.49*SQRT(C$95)-3*(C25-$A$94)/(1.5+C$95))) -> 1.356566 | D100: =IF($A$94>=D25,D40*(1-0.49*SQRT(D$95)),D40*(1-0.49*SQRT(D$95)-3*(D25-$A$94)/(1.5+D$95))) -> 1.2326405 | E100: =IF($A$94>=E25,E40*(1-0.49*SQRT(E$95)),E40*(1-0.49*SQRT(E$95)-3*(E25-$A$94)/(1.5+E$95))) -> 1.1300928 | F100: =IF($A$94>=F25,F40*(1-0.49*SQRT(F$95)),F40*(1-0.49*SQRT(F$95)-3*(F25-$A$94)/(1.5+F$95))) -> 1.03449 | G100: =IF($A$94>=G25,G40*(1-0.49*SQRT(G$95)),G40*(1-0.49*SQRT(G$95)-3*(G25-$A$94)/(1.5+G$95))) -> 0.94030901 | H100: =IF($A$94>=H25,H40*(1-0.49*SQRT(H$95)),H40*(1-0.49*SQRT(H$95)-3*(H25-$A$94)/(1.5+H$95))) -> 0.84452977 | I100: =IF($A$94>=I25,I40*(1-0.49*SQRT(I$95)),I40*(1-0.49*SQRT(I$95)-3*(I25-$A$94)/(1.5+I$95))) -> 0.74506119 | ... L100: =IF($A$94>=L25,L40*(1-0.49*SQRT(L$95)),L40*(1-0.49*SQRT(L$95)-3*(L25-$A$94)/(1.5+L$95))) -> 0.40822592
A101: 5000 | B101: =IF($A$94>=B26,B41*(1-0.49*SQRT(B$95)),B41*(1-0.49*SQRT(B$95)-3*(B26-$A$94)/(1.5+B$95))) -> 1.5410945 | C101: =IF($A$94>=C26,C41*(1-0.49*SQRT(C$95)),C41*(1-0.49*SQRT(C$95)-3*(C26-$A$94)/(1.5+C$95))) -> 1.2684426 | D101: =IF($A$94>=D26,D41*(1-0.49*SQRT(D$95)),D41*(1-0.49*SQRT(D$95)-3*(D26-$A$94)/(1.5+D$95))) -> 1.1560435 | E101: =IF($A$94>=E26,E41*(1-0.49*SQRT(E$95)),E41*(1-0.49*SQRT(E$95)-3*(E26-$A$94)/(1.5+E$95))) -> 1.0633783 | F101: =IF($A$94>=F26,F41*(1-0.49*SQRT(F$95)),F41*(1-0.49*SQRT(F$95)-3*(F26-$A$94)/(1.5+F$95))) -> 0.97765416 | G101: =IF($A$94>=G26,G41*(1-0.49*SQRT(G$95)),G41*(1-0.49*SQRT(G$95)-3*(G26-$A$94)/(1.5+G$95))) -> 0.89392293 | H101: =IF($A$94>=H26,H41*(1-0.49*SQRT(H$95)),H41*(1-0.49*SQRT(H$95)-3*(H26-$A$94)/(1.5+H$95))) -> 0.80945667 | I101: =IF($A$94>=I26,I41*(1-0.49*SQRT(I$95)),I41*(1-0.49*SQRT(I$95)-3*(I26-$A$94)/(1.5+I$95))) -> 0.72236185 | ... L101: =IF($A$94>=L26,L41*(1-0.49*SQRT(L$95)),L41*(1-0.49*SQRT(L$95)-3*(L26-$A$94)/(1.5+L$95))) -> 0.43063671
A102: 6000 | B102: =IF($A$94>=B27,B42*(1-0.49*SQRT(B$95)),B42*(1-0.49*SQRT(B$95)-3*(B27-$A$94)/(1.5+B$95))) -> 1.4199602 | C102: =IF($A$94>=C27,C42*(1-0.49*SQRT(C$95)),C42*(1-0.49*SQRT(C$95)-3*(C27-$A$94)/(1.5+C$95))) -> 1.1774378 | D102: =IF($A$94>=D27,D42*(1-0.49*SQRT(D$95)),D42*(1-0.49*SQRT(D$95)-3*(D27-$A$94)/(1.5+D$95))) -> 1.0759499 | E102: =IF($A$94>=E27,E42*(1-0.49*SQRT(E$95)),E42*(1-0.49*SQRT(E$95)-3*(E27-$A$94)/(1.5+E$95))) -> 0.99257085 | F102: =IF($A$94>=F27,F42*(1-0.49*SQRT(F$95)),F42*(1-0.49*SQRT(F$95)-3*(F27-$A$94)/(1.5+F$95))) -> 0.91600139 | G102: =IF($A$94>=G27,G42*(1-0.49*SQRT(G$95)),G42*(1-0.49*SQRT(G$95)-3*(G27-$A$94)/(1.5+G$95))) -> 0.84182524 | H102: =IF($A$94>=H27,H42*(1-0.49*SQRT(H$95)),H42*(1-0.49*SQRT(H$95)-3*(H27-$A$94)/(1.5+H$95))) -> 0.76758873 | I102: =IF($A$94>=I27,I42*(1-0.49*SQRT(I$95)),I42*(1-0.49*SQRT(I$95)-3*(I27-$A$94)/(1.5+I$95))) -> 0.69158476 | ... L102: =IF($A$94>=L27,L42*(1-0.49*SQRT(L$95)),L42*(1-0.49*SQRT(L$95)-3*(L27-$A$94)/(1.5+L$95))) -> 0.43981454
A103: 7000 | B103: =IF($A$94>=B28,B43*(1-0.49*SQRT(B$95)),B43*(1-0.49*SQRT(B$95)-3*(B28-$A$94)/(1.5+B$95))) -> 1.3003066 | C103: =IF($A$94>=C28,C43*(1-0.49*SQRT(C$95)),C43*(1-0.49*SQRT(C$95)-3*(C28-$A$94)/(1.5+C$95))) -> 1.0854008 | D103: =IF($A$94>=D28,D43*(1-0.49*SQRT(D$95)),D43*(1-0.49*SQRT(D$95)-3*(D28-$A$94)/(1.5+D$95))) -> 0.99417862 | E103: =IF($A$94>=E28,E43*(1-0.49*SQRT(E$95)),E43*(1-0.49*SQRT(E$95)-3*(E28-$A$94)/(1.5+E$95))) -> 0.91947857 | F103: =IF($A$94>=F28,F43*(1-0.49*SQRT(F$95)),F43*(1-0.49*SQRT(F$95)-3*(F28-$A$94)/(1.5+F$95))) -> 0.85135604 | G103: =IF($A$94>=G28,G43*(1-0.49*SQRT(G$95)),G43*(1-0.49*SQRT(G$95)-3*(G28-$A$94)/(1.5+G$95))) -> 0.78588499 | H103: =IF($A$94>=H28,H43*(1-0.49*SQRT(H$95)),H43*(1-0.49*SQRT(H$95)-3*(H28-$A$94)/(1.5+H$95))) -> 0.7208679 | I103: =IF($A$94>=I28,I43*(1-0.49*SQRT(I$95)),I43*(1-0.49*SQRT(I$95)-3*(I28-$A$94)/(1.5+I$95))) -> 0.65477256 | ... L103: =IF($A$94>=L28,L43*(1-0.49*SQRT(L$95)),L43*(1-0.49*SQRT(L$95)-3*(L28-$A$94)/(1.5+L$95))) -> 0.43827121
A104: 8000 | B104: =IF($A$94>=B29,B44*(1-0.49*SQRT(B$95)),B44*(1-0.49*SQRT(B$95)-3*(B29-$A$94)/(1.5+B$95))) -> 1.1831775 | C104: =IF($A$94>=C29,C44*(1-0.49*SQRT(C$95)),C44*(1-0.49*SQRT(C$95)-3*(C29-$A$94)/(1.5+C$95))) -> 0.99354968 | D104: =IF($A$94>=D29,D44*(1-0.49*SQRT(D$95)),D44*(1-0.49*SQRT(D$95)-3*(D29-$A$94)/(1.5+D$95))) -> 0.91195767 | E104: =IF($A$94>=E29,E44*(1-0.49*SQRT(E$95)),E44*(1-0.49*SQRT(E$95)-3*(E29-$A$94)/(1.5+E$95))) -> 0.84534929 | F104: =IF($A$94>=F29,F44*(1-0.49*SQRT(F$95)),F44*(1-0.49*SQRT(F$95)-3*(F29-$A$94)/(1.5+F$95))) -> 0.78500769 | G104: =IF($A$94>=G29,G44*(1-0.49*SQRT(G$95)),G44*(1-0.49*SQRT(G$95)-3*(G29-$A$94)/(1.5+G$95))) -> 0.72745785 | H104: =IF($A$94>=H29,H44*(1-0.49*SQRT(H$95)),H44*(1-0.49*SQRT(H$95)-3*(H29-$A$94)/(1.5+H$95))) -> 0.67074092 | I104: =IF($A$94>=I29,I44*(1-0.49*SQRT(I$95)),I44*(1-0.49*SQRT(I$95)-3*(I29-$A$94)/(1.5+I$95))) -> 0.61348829 | ... L104: =IF($A$94>=L29,L44*(1-0.49*SQRT(L$95)),L44*(1-0.49*SQRT(L$95)-3*(L29-$A$94)/(1.5+L$95))) -> 0.42807524
A105: 9000 | B105: =IF($A$94>=B30,B45*(1-0.49*SQRT(B$95)),B45*(1-0.49*SQRT(B$95)-3*(B30-$A$94)/(1.5+B$95))) -> 1.0641658 | C105: =IF($A$94>=C30,C45*(1-0.49*SQRT(C$95)),C45*(1-0.49*SQRT(C$95)-3*(C30-$A$94)/(1.5+C$95))) -> 0.90107018 | D105: =IF($A$94>=D30,D45*(1-0.49*SQRT(D$95)),D45*(1-0.49*SQRT(D$95)-3*(D30-$A$94)/(1.5+D$95))) -> 0.830933 | E105: =IF($A$94>=E30,E45*(1-0.49*SQRT(E$95)),E45*(1-0.49*SQRT(E$95)-3*(E30-$A$94)/(1.5+E$95))) -> 0.77180566 | F105: =IF($A$94>=F30,F45*(1-0.49*SQRT(F$95)),F45*(1-0.49*SQRT(F$95)-3*(F30-$A$94)/(1.5+F$95))) -> 0.71857884 | G105: =IF($A$94>=G30,G45*(1-0.49*SQRT(G$95)),G45*(1-0.49*SQRT(G$95)-3*(G30-$A$94)/(1.5+G$95))) -> 0.66818942 | H105: =IF($A$94>=H30,H45*(1-0.49*SQRT(H$95)),H45*(1-0.49*SQRT(H$95)-3*(H30-$A$94)/(1.5+H$95))) -> 0.61889906 | I105: =IF($A$94>=I30,I45*(1-0.49*SQRT(I$95)),I45*(1-0.49*SQRT(I$95)-3*(I30-$A$94)/(1.5+I$95))) -> 0.56949091 | ... L105: =IF($A$94>=L30,L45*(1-0.49*SQRT(L$95)),L45*(1-0.49*SQRT(L$95)-3*(L30-$A$94)/(1.5+L$95))) -> 0.41131866
A106: 10000 | B106: =IF($A$94>=B31,B46*(1-0.49*SQRT(B$95)),B46*(1-0.49*SQRT(B$95)-3*(B31-$A$94)/(1.5+B$95))) -> 0.91559724 | C106: =IF($A$94>=C31,C46*(1-0.49*SQRT(C$95)),C46*(1-0.49*SQRT(C$95)-3*(C31-$A$94)/(1.5+C$95))) -> 0.77527142 | D106: =IF($A$94>=D31,D46*(1-0.49*SQRT(D$95)),D46*(1-0.49*SQRT(D$95)-3*(D31-$A$94)/(1.5+D$95))) -> 0.72067781 | E106: =IF($A$94>=E31,E46*(1-0.49*SQRT(E$95)),E46*(1-0.49*SQRT(E$95)-3*(E31-$A$94)/(1.5+E$95))) -> 0.68192312 | F106: =IF($A$94>=F31,F46*(1-0.49*SQRT(F$95)),F46*(1-0.49*SQRT(F$95)-3*(F31-$A$94)/(1.5+F$95))) -> 0.65206994 | G106: =IF($A$94>=G31,G46*(1-0.49*SQRT(G$95)),G46*(1-0.49*SQRT(G$95)-3*(G31-$A$94)/(1.5+G$95))) -> 0.60853392 | H106: =IF($A$94>=H31,H46*(1-0.49*SQRT(H$95)),H46*(1-0.49*SQRT(H$95)-3*(H31-$A$94)/(1.5+H$95))) -> 0.56587978 | I106: =IF($A$94>=I31,I46*(1-0.49*SQRT(I$95)),I46*(1-0.49*SQRT(I$95)-3*(I31-$A$94)/(1.5+I$95))) -> 0.52341658 | ... L106: =IF($A$94>=L31,L46*(1-0.49*SQRT(L$95)),L46*(1-0.49*SQRT(L$95)-3*(L31-$A$94)/(1.5+L$95))) -> 0.38903493
A109: 0.9 | B109: Mach
B110: 0 | C110: 0.1 | D110: 0.2 | E110: 0.3 | F110: 0.4 | G110: 0.5 | H110: 0.6 | I110: 0.7 | J110: 0.8 | K110: 0.9 | L110: 1
A111: 0 | B111: =IF($A$109>=B21,B36*(1-0.49*SQRT(B$110)),B36*(1-0.49*SQRT(B$110)-3*(B21-$A$109)/(1.5+B$110))) -> 2.8 | C111: =IF($A$109>=C21,C36*(1-0.49*SQRT(C$110)),C36*(1-0.49*SQRT(C$110)-3*(C21-$A$109)/(1.5+C$110))) -> 2.292871 | D111: =IF($A$109>=D21,D36*(1-0.49*SQRT(D$110)),D36*(1-0.49*SQRT(D$110)-3*(D21-$A$109)/(1.5+D$110))) -> 2.0824976 | E111: =IF($A$109>=E21,E36*(1-0.49*SQRT(E$110)),E36*(1-0.49*SQRT(E$110)-3*(E21-$A$109)/(1.5+E$110))) -> 1.9060243 | F111: =IF($A$109>=F21,F36*(1-0.49*SQRT(F$110)),F36*(1-0.49*SQRT(F$110)-3*(F21-$A$109)/(1.5+F$110))) -> 1.7398128 | G111: =IF($A$109>=G21,G36*(1-0.49*SQRT(G$110)),G36*(1-0.49*SQRT(G$110)-3*(G21-$A$109)/(1.5+G$110))) -> 1.5748025 | H111: =IF($A$109>=H21,H36*(1-0.49*SQRT(H$110)),H36*(1-0.49*SQRT(H$110)-3*(H21-$A$109)/(1.5+H$110))) -> 1.4059995 | I111: =IF($A$109>=I21,I36*(1-0.49*SQRT(I$110)),I36*(1-0.49*SQRT(I$110)-3*(I21-$A$109)/(1.5+I$110))) -> 1.2299006 | ... L111: =IF($A$109>=L21,L36*(1-0.49*SQRT(L$110)),L36*(1-0.49*SQRT(L$110)-3*(L21-$A$109)/(1.5+L$110))) -> 0.63 | M111: Altitude
A112: 1000 | B112: =IF($A$109>=B22,B37*(1-0.49*SQRT(B$110)),B37*(1-0.49*SQRT(B$110)-3*(B22-$A$109)/(1.5+B$110))) -> 2.6233685 | C112: =IF($A$109>=C22,C37*(1-0.49*SQRT(C$110)),C37*(1-0.49*SQRT(C$110)-3*(C22-$A$109)/(1.5+C$110))) -> 2.1652432 | D112: =IF($A$109>=D22,D37*(1-0.49*SQRT(D$110)),D37*(1-0.49*SQRT(D$110)-3*(D22-$A$109)/(1.5+D$110))) -> 1.972368 | E112: =IF($A$109>=E22,E37*(1-0.49*SQRT(E$110)),E37*(1-0.49*SQRT(E$110)-3*(E22-$A$109)/(1.5+E$110))) -> 1.8112121 | F112: =IF($A$109>=F22,F37*(1-0.49*SQRT(F$110)),F37*(1-0.49*SQRT(F$110)-3*(F22-$A$109)/(1.5+F$110))) -> 1.6605693 | G112: =IF($A$109>=G22,G37*(1-0.49*SQRT(G$110)),G37*(1-0.49*SQRT(G$110)-3*(G22-$A$109)/(1.5+G$110))) -> 1.5122242 | H112: =IF($A$109>=H22,H37*(1-0.49*SQRT(H$110)),H37*(1-0.49*SQRT(H$110)-3*(H22-$A$109)/(1.5+H$110))) -> 1.361613 | I112: =IF($A$109>=I22,I37*(1-0.49*SQRT(I$110)),I37*(1-0.49*SQRT(I$110)-3*(I22-$A$109)/(1.5+I$110))) -> 1.2055273 | ... L112: =IF($A$109>=L22,L37*(1-0.49*SQRT(L$110)),L37*(1-0.49*SQRT(L$110)-3*(L22-$A$109)/(1.5+L$110))) -> 0.67909485
A113: 2000 | B113: =IF($A$109>=B23,B38*(1-0.49*SQRT(B$110)),B38*(1-0.49*SQRT(B$110)-3*(B23-$A$109)/(1.5+B$110))) -> 2.4443253 | C113: =IF($A$109>=C23,C38*(1-0.49*SQRT(C$110)),C38*(1-0.49*SQRT(C$110)-3*(C23-$A$109)/(1.5+C$110))) -> 2.0318276 | D113: =IF($A$109>=D23,D38*(1-0.49*SQRT(D$110)),D38*(1-0.49*SQRT(D$110)-3*(D23-$A$109)/(1.5+D$110))) -> 1.8556845 | E113: =IF($A$109>=E23,E38*(1-0.49*SQRT(E$110)),E38*(1-0.49*SQRT(E$110)-3*(E23-$A$109)/(1.5+E$110))) -> 1.70906 | F113: =IF($A$109>=F23,F38*(1-0.49*SQRT(F$110)),F38*(1-0.49*SQRT(F$110)-3*(F23-$A$109)/(1.5+F$110))) -> 1.5729897 | G113: =IF($A$109>=G23,G38*(1-0.49*SQRT(G$110)),G38*(1-0.49*SQRT(G$110)-3*(G23-$A$109)/(1.5+G$110))) -> 1.44005 | H113: =IF($A$109>=H23,H38*(1-0.49*SQRT(H$110)),H38*(1-0.49*SQRT(H$110)-3*(H23-$A$109)/(1.5+H$110))) -> 1.3060853 | I113: =IF($A$109>=I23,I38*(1-0.49*SQRT(I$110)),I38*(1-0.49*SQRT(I$110)-3*(I23-$A$109)/(1.5+I$110))) -> 1.1681689 | ... L113: =IF($A$109>=L23,L38*(1-0.49*SQRT(L$110)),L38*(1-0.49*SQRT(L$110)-3*(L23-$A$109)/(1.5+L$110))) -> 0.70773712
...

Sheet Sheet4
A1: TR | B1: W | D1: V | E1: Mach | R1: Mach | S1: a | U1: Altitude | V1: Temp | W1: Pressure | X1: Density
A2: 0.5 | B2: =65000*9.81*0.9 -> 573885 | D2: a | E2: 0.001 | F2: 0.1 | G2: 0.2 | H2: 0.3 | I2: 0.4 | J2: 0.5 | K2: 0.6 | L2: 0.7 | M2: 0.8 | N2: 0.9 | O2: 1 | R2: 0 | S2: 340.3 | U2: 0 | V2: 288.15 | W2: 9.807 | X2: 1.225
A3: S | B3: CD0 | C3: k | D3: 340.3 | E3: =$D3*E$2 -> 0.3403 | F3: =$D3*F$2 -> 34.03 | G3: =$D3*G$2 -> 68.06 | H3: =$D3*H$2 -> 102.09 | I3: =$D3*I$2 -> 136.12 | J3: =$D3*J$2 -> 170.15 | K3: =$D3*K$2 -> 204.18 | L3: =$D3*L$2 -> 238.21 | ... O3: =$D3*O$2 -> 340.3 | P3: Altitude | R3: 0.1 | S3: 336.4 | U3: 1000 | V3: 281.7 | W3: 0.9075 | X3: 1.112
A4: ='A320 Wing'!B3 -> 124.02 | B4: ='A320 Wing'!A50 -> 0.027 | C4: ='A320 Wing'!B50 -> 0.039430145 | D4: 336.4 | E4: =$D4*E$2 -> 0.3364 | F4: =$D4*F$2 -> 33.64 | G4: =$D4*G$2 -> 67.28 | H4: =$D4*H$2 -> 100.92 | I4: =$D4*I$2 -> 134.56 | J4: =$D4*J$2 -> 168.2 | K4: =$D4*K$2 -> 201.84 | L4: =$D4*L$2 -> 235.48 | ... O4: =$D4*O$2 -> 336.4 | R4: 0.2 | S4: 332.5 | U4: 2000 | V4: 275.2 | W4: 0.8217 | X4: 1.007
C5: k | D5: 332.5 | E5: =$D5*E$2 -> 0.3325 | F5: =$D5*F$2 -> 33.25 | G5: =$D5*G$2 -> 66.5 | H5: =$D5*H$2 -> 99.75 | I5: =$D5*I$2 -> 133 | J5: =$D5*J$2 -> 166.25 | K5: =$D5*K$2 -> 199.5 | L5: =$D5*L$2 -> 232.75 | ... O5: =$D5*O$2 -> 332.5 | R5: 0.3 | S5: 328.6 | U5: 3000 | V5: 268.7 | W5: 0.7423 | X5: 0.9093
A6: TSL | C6: =0.075 -> 0.075 | D6: 328.6 | E6: =$D6*E$2 -> 0.3286 | F6: =$D6*F$2 -> 32.86 | G6: =$D6*G$2 -> 65.72 | H6: =$D6*H$2 -> 98.58 | I6: =$D6*I$2 -> 131.44 | J6: =$D6*J$2 -> 164.3 | K6: =$D6*K$2 -> 197.16 | L6: =$D6*L$2 -> 230.02 | ... O6: =$D6*O$2 -> 328.6 | R6: 0.4 | S6: 324.6 | U6: 4000 | V6: 262.2 | W6: 0.6689 | X6: 0.8194
A7: ='Engine Deck'!I2*1 -> 105000 | D7: 324.6 | E7: =$D7*E$2 -> 0.3246 | F7: =$D7*F$2 -> 32.46 | G7: =$D7*G$2 -> 64.92 | H7: =$D7*H$2 -> 97.38 | I7: =$D7*I$2 -> 129.84 | J7: =$D7*J$2 -> 162.3 | K7: =$D7*K$2 -> 194.76 | L7: =$D7*L$2 -> 227.22 | ... O7: =$D7*O$2 -> 324.6 | R7: 0.5 | S7: 320.5 | U7: 5000 | V7: 255.7 | W7: 0.6012 | X7: 0.7364
D8: 320.5 | E8: =$D8*E$2 -> 0.3205 | F8: =$D8*F$2 -> 32.05 | G8: =$D8*G$2 -> 64.1 | H8: =$D8*H$2 -> 96.15 | I8: =$D8*I$2 -> 128.2 | J8: =$D8*J$2 -> 160.25 | K8: =$D8*K$2 -> 192.3 | L8: =$D8*L$2 -> 224.35 | ... O8: =$D8*O$2 -> 320.5 | R8: 0.6 | S8: 316.5 | U8: 6000 | V8: 249.2 | W8: 0.5389 | X8: 0.6601
A9: clMAX | D9: 316.5 | E9: =$D9*E$2 -> 0.3165 | F9: =$D9*F$2 -> 31.65 | G9: =$D9*G$2 -> 63.3 | H9: =$D9*H$2 -> 94.95 | I9: =$D9*I$2 -> 126.6 | J9: =$D9*J$2 -> 158.25 | K9: =$D9*K$2 -> 189.9 | L9: =$D9*L$2 -> 221.55 | ... O9: =$D9*O$2 -> 316.5 | R9: 0.7 | S9: 312.3 | U9: 7000 | V9: 242.7 | W9: 0.4817 | X9: 0.59
A10: 2.1 | D10: 312.3 | E10: =$D10*E$2 -> 0.3123 | F10: =$D10*F$2 -> 31.23 | G10: =$D10*G$2 -> 62.46 | H10: =$D10*H$2 -> 93.69 | I10: =$D10*I$2 -> 124.92 | J10: =$D10*J$2 -> 156.15 | K10: =$D10*K$2 -> 187.38 | L10: =$D10*L$2 -> 218.61 | ... O10: =$D10*O$2 -> 312.3 | R10: 0.8 | S10: 308.1 | U10: 8000 | V10: 236.2 | W10: 0.4292 | X10: 0.5258
D11: 308.1 | E11: =$D11*E$2 -> 0.3081 | F11: =$D11*F$2 -> 30.81 | G11: =$D11*G$2 -> 61.62 | H11: =$D11*H$2 -> 92.43 | I11: =$D11*I$2 -> 123.24 | J11: =$D11*J$2 -> 154.05 | K11: =$D11*K$2 -> 184.86 | L11: =$D11*L$2 -> 215.67 | ... O11: =$D11*O$2 -> 308.1 | R11: 0.9 | S11: 303.8 | U11: 9000 | V11: 229.7 | W11: 0.3813 | X11: 0.4671
D12: 303.8 | E12: =$D12*E$2 -> 0.3038 | F12: =$D12*F$2 -> 30.38 | G12: =$D12*G$2 -> 60.76 | H12: =$D12*H$2 -> 91.14 | I12: =$D12*I$2 -> 121.52 | J12: =$D12*J$2 -> 151.9 | K12: =$D12*K$2 -> 182.28 | L12: =$D12*L$2 -> 212.66 | ... O12: =$D12*O$2 -> 303.8 | R12: 1 | S12: 299.5 | U12: 10000 | V12: 223.3 | W12: 0.3376 | X12: 0.4135
D13: 299.5 | E13: =$D13*E$2 -> 0.2995 | F13: =$D13*F$2 -> 29.95 | G13: =$D13*G$2 -> 59.9 | H13: =$D13*H$2 -> 89.85 | I13: =$D13*I$2 -> 119.8 | J13: =$D13*J$2 -> 149.75 | K13: =$D13*K$2 -> 179.7 | L13: =$D13*L$2 -> 209.65 | ... O13: =$D13*O$2 -> 299.5
C14: CL | D14: Mach | E14: 0.05 | F14: 0.1 | G14: 0.2 | H14: 0.3 | I14: 0.4 | J14: 0.5 | K14: 0.6 | L14: 0.7 | M14: 0.8 | N14: 0.9 | O14: 1
C15: density | D15: a | E15: 340.3 | F15: 336.4 | G15: 332.5 | H15: 328.6 | I15: 324.6 | J15: 320.5 | K15: 316.5 | L15: 312.3 | M15: 308.1 | N15: 303.8 | O15: 299.5
C16: 1.225 | D16: 0 | E16: =$B$2/(1/2*$C16*(E3+0.001)^2*$A$4) -> 64856.645 | F16: =$B$2/(1/2*$C16*(F3+0.001)^2*$A$4) -> 6.5234544 | G16: =$B$2/(1/2*$C16*(G3+0.001)^2*$A$4) -> 1.6309115 | H16: =$B$2/(1/2*$C16*(H3+0.001)^2*$A$4) -> 0.72485667 | I16: =$B$2/(1/2*$C16*(I3+0.001)^2*$A$4) -> 0.40773387 | J16: =$B$2/(1/2*$C16*(J3+0.001)^2*$A$4) -> 0.26095044 | K16: =$B$2/(1/2*$C16*(K3+0.001)^2*$A$4) -> 0.18121594 | L16: =$B$2/(1/2*$C16*(L3+0.001)^2*$A$4) -> 0.13313843 | ... O16: =$B$2/(1/2*$C16*(O3+0.001)^2*$A$4) -> 0.065237995 | P16: Altitude
C17: 1.112 | D17: 1000 | E17: =$B$2/(1/2*$C17*(E4+0.001)^2*$A$4) -> 73108.555 | F17: =$B$2/(1/2*$C17*(F4+0.001)^2*$A$4) -> 7.3539481 | G17: =$B$2/(1/2*$C17*(G4+0.001)^2*$A$4) -> 1.8385417 | H17: =$B$2/(1/2*$C17*(H4+0.001)^2*$A$4) -> 0.81713773 | I17: =$B$2/(1/2*$C17*(I4+0.001)^2*$A$4) -> 0.45964225 | J17: =$B$2/(1/2*$C17*(J4+0.001)^2*$A$4) -> 0.29417192 | K17: =$B$2/(1/2*$C17*(K4+0.001)^2*$A$4) -> 0.20428646 | L17: =$B$2/(1/2*$C17*(L4+0.001)^2*$A$4) -> 0.15008822 | ... O17: =$B$2/(1/2*$C17*(O4+0.001)^2*$A$4) -> 0.073543416
C18: 1.007 | D18: 2000 | E18: =$B$2/(1/2*$C18*(E5+0.001)^2*$A$4) -> 82630.807 | F18: =$B$2/(1/2*$C18*(F5+0.001)^2*$A$4) -> 8.3123582 | G18: =$B$2/(1/2*$C18*(G5+0.001)^2*$A$4) -> 2.078152 | H18: =$B$2/(1/2*$C18*(H5+0.001)^2*$A$4) -> 0.92363239 | I18: =$B$2/(1/2*$C18*(I5+0.001)^2*$A$4) -> 0.51954582 | J18: =$B$2/(1/2*$C18*(J5+0.001)^2*$A$4) -> 0.33251033 | K18: =$B$2/(1/2*$C18*(K5+0.001)^2*$A$4) -> 0.23091041 | L18: =$B$2/(1/2*$C18*(L5+0.001)^2*$A$4) -> 0.16964871 | ... O18: =$B$2/(1/2*$C18*(O5+0.001)^2*$A$4) -> 0.083128082
C19: 0.9093 | D19: 3000 | E19: =$B$2/(1/2*$C19*(E6+0.001)^2*$A$4) -> 93687.477 | F19: =$B$2/(1/2*$C19*(F6+0.001)^2*$A$4) -> 9.425283 | G19: =$B$2/(1/2*$C19*(G6+0.001)^2*$A$4) -> 2.3563925 | H19: =$B$2/(1/2*$C19*(H6+0.001)^2*$A$4) -> 1.0472962 | I19: =$B$2/(1/2*$C19*(I6+0.001)^2*$A$4) -> 0.58910708 | J19: =$B$2/(1/2*$C19*(J6+0.001)^2*$A$4) -> 0.37702968 | K19: =$B$2/(1/2*$C19*(K6+0.001)^2*$A$4) -> 0.2618267 | L19: =$B$2/(1/2*$C19*(L6+0.001)^2*$A$4) -> 0.19236275 | ... O19: =$B$2/(1/2*$C19*(O6+0.001)^2*$A$4) -> 0.094257993
C20: 0.8194 | D20: 4000 | E20: =$B$2/(1/2*$C20*(E7+0.001)^2*$A$4) -> 106536.49 | F20: =$B$2/(1/2*$C20*(F7+0.001)^2*$A$4) -> 10.718732 | G20: =$B$2/(1/2*$C20*(G7+0.001)^2*$A$4) -> 2.6797654 | H20: =$B$2/(1/2*$C20*(H7+0.001)^2*$A$4) -> 1.1910191 | I20: =$B$2/(1/2*$C20*(I7+0.001)^2*$A$4) -> 0.66995168 | J20: =$B$2/(1/2*$C20*(J7+0.001)^2*$A$4) -> 0.42877039 | K20: =$B$2/(1/2*$C20*(K7+0.001)^2*$A$4) -> 0.29775783 | L20: =$B$2/(1/2*$C20*(L7+0.001)^2*$A$4) -> 0.21876118 | ... O20: =$B$2/(1/2*$C20*(O7+0.001)^2*$A$4) -> 0.10719326
C21: 0.7364 | D21: 5000 | E21: =$B$2/(1/2*$C21*(E8+0.001)^2*$A$4) -> 121587.07 | F21: =$B$2/(1/2*$C21*(F8+0.001)^2*$A$4) -> 12.233936 | G21: =$B$2/(1/2*$C21*(G8+0.001)^2*$A$4) -> 3.0585794 | H21: =$B$2/(1/2*$C21*(H8+0.001)^2*$A$4) -> 1.3593827 | I21: =$B$2/(1/2*$C21*(I8+0.001)^2*$A$4) -> 0.76465677 | J21: =$B$2/(1/2*$C21*(J8+0.001)^2*$A$4) -> 0.48938186 | K21: =$B$2/(1/2*$C21*(K8+0.001)^2*$A$4) -> 0.33984922 | L21: =$B$2/(1/2*$C21*(L8+0.001)^2*$A$4) -> 0.24968551 | ... O21: =$B$2/(1/2*$C21*(O8+0.001)^2*$A$4) -> 0.12234623
C22: 0.6601 | D22: 6000 | E22: =$B$2/(1/2*$C22*(E9+0.001)^2*$A$4) -> 139080.41 | F22: =$B$2/(1/2*$C22*(F9+0.001)^2*$A$4) -> 13.995182 | G22: =$B$2/(1/2*$C22*(G9+0.001)^2*$A$4) -> 3.4989059 | H22: =$B$2/(1/2*$C22*(H9+0.001)^2*$A$4) -> 1.5550857 | I22: =$B$2/(1/2*$C22*(I9+0.001)^2*$A$4) -> 0.8747403 | J22: =$B$2/(1/2*$C22*(J9+0.001)^2*$A$4) -> 0.55983556 | K22: =$B$2/(1/2*$C22*(K9+0.001)^2*$A$4) -> 0.38877552 | L22: =$B$2/(1/2*$C22*(L9+0.001)^2*$A$4) -> 0.28563142 | ... O22: =$B$2/(1/2*$C22*(O9+0.001)^2*$A$4) -> 0.13995978
C23: 0.59 | D23: 7000 | E23: =$B$2/(1/2*$C23*(E10+0.001)^2*$A$4) -> 159804.99 | F23: =$B$2/(1/2*$C23*(F10+0.001)^2*$A$4) -> 16.081974 | G23: =$B$2/(1/2*$C23*(G10+0.001)^2*$A$4) -> 4.0206222 | H23: =$B$2/(1/2*$C23*(H10+0.001)^2*$A$4) -> 1.7869623 | I23: =$B$2/(1/2*$C23*(I10+0.001)^2*$A$4) -> 1.0051716 | J23: =$B$2/(1/2*$C23*(J10+0.001)^2*$A$4) -> 0.64331191 | K23: =$B$2/(1/2*$C23*(K10+0.001)^2*$A$4) -> 0.44674533 | L23: =$B$2/(1/2*$C23*(L10+0.001)^2*$A$4) -> 0.32822156 | ... O23: =$B$2/(1/2*$C23*(O10+0.001)^2*$A$4) -> 0.16082901
C24: 0.5258 | D24: 8000 | E24: =$B$2/(1/2*$C24*(E11+0.001)^2*$A$4) -> 184223.3 | F24: =$B$2/(1/2*$C24*(F11+0.001)^2*$A$4) -> 18.540907 | G24: =$B$2/(1/2*$C24*(G11+0.001)^2*$A$4) -> 4.6353772 | H24: =$B$2/(1/2*$C24*(H11+0.001)^2*$A$4) -> 2.0601899 | I24: =$B$2/(1/2*$C24*(I11+0.001)^2*$A$4) -> 1.1588631 | J24: =$B$2/(1/2*$C24*(J11+0.001)^2*$A$4) -> 0.74167479 | K24: =$B$2/(1/2*$C24*(K11+0.001)^2*$A$4) -> 0.51505305 | L24: =$B$2/(1/2*$C24*(L11+0.001)^2*$A$4) -> 0.37840691 | ... O24: =$B$2/(1/2*$C24*(O11+0.001)^2*$A$4) -> 0.1854199
C25: 0.4671 | D25: 9000 | E25: =$B$2/(1/2*$C25*(E12+0.001)^2*$A$4) -> 213266.85 | F25: =$B$2/(1/2*$C25*(F12+0.001)^2*$A$4) -> 21.465902 | G25: =$B$2/(1/2*$C25*(G12+0.001)^2*$A$4) -> 5.3666522 | H25: =$B$2/(1/2*$C25*(H12+0.001)^2*$A$4) -> 2.3852049 | I25: =$B$2/(1/2*$C25*(I12+0.001)^2*$A$4) -> 1.3416851 | J25: =$B$2/(1/2*$C25*(J12+0.001)^2*$A$4) -> 0.85868131 | K25: =$B$2/(1/2*$C25*(K12+0.001)^2*$A$4) -> 0.59630777 | L25: =$B$2/(1/2*$C25*(L12+0.001)^2*$A$4) -> 0.43810436 | ... O25: =$B$2/(1/2*$C25*(O12+0.001)^2*$A$4) -> 0.21467174
C26: 0.4135 | D26: 10000 | E26: =$B$2/(1/2*$C26*(E13+0.001)^2*$A$4) -> 247855.57 | F26: =$B$2/(1/2*$C26*(F13+0.001)^2*$A$4) -> 24.94968 | G26: =$B$2/(1/2*$C26*(G13+0.001)^2*$A$4) -> 6.2376282 | H26: =$B$2/(1/2*$C26*(H13+0.001)^2*$A$4) -> 2.77231 | I26: =$B$2/(1/2*$C26*(I13+0.001)^2*$A$4) -> 1.5594331 | J26: =$B$2/(1/2*$C26*(J13+0.001)^2*$A$4) -> 0.9980405 | K26: =$B$2/(1/2*$C26*(K13+0.001)^2*$A$4) -> 0.69308522 | L26: =$B$2/(1/2*$C26*(L13+0.001)^2*$A$4) -> 0.50920628 | ... O26: =$B$2/(1/2*$C26*(O13+0.001)^2*$A$4) -> 0.24951179
C27: Drag | D27: Mach | E27: 0.05 | F27: 0.1 | G27: 0.2 | H27: 0.3 | I27: 0.4 | J27: 0.5 | K27: 0.6 | L27: 0.7 | M27: 0.8 | N27: 0.9 | O27: 1
C28: density | D28: a | E28: 340.3 | F28: 336.4 | G28: 332.5 | H28: 328.6 | I28: 324.6 | J28: 320.5 | K28: 316.5 | L28: 312.3 | M28: 308.1 | N28: 303.8 | O28: 299.5
C29: 1.225 | D29: 0 | E29: =IF(E$27<=0.7,(1/2*$C29*(E3+0.001)^2*$A$4)*($B$4+$C$4*E16^2),(1/2*$C29*(E3+0.001)^2*$A$4)*($B$4+$C$6*E16^2)) -> 1.4676001e+09 | F29: =IF(F$27<=0.7,(1/2*$C29*(F3+0.001)^2*$A$4)*($B$4+$C$4*F16^2),(1/2*$C29*(F3+0.001)^2*$A$4)*($B$4+$C$6*F16^2)) -> 149990.39 | G29: =IF(G$27<=0.7,(1/2*$C29*(G3+0.001)^2*$A$4)*($B$4+$C$4*G16^2),(1/2*$C29*(G3+0.001)^2*$A$4)*($B$4+$C$6*G16^2)) -> 46405.625 | H29: =IF(H$27<=0.7,(1/2*$C29*(H3+0.001)^2*$A$4)*($B$4+$C$4*H16^2),(1/2*$C29*(H3+0.001)^2*$A$4)*($B$4+$C$6*H16^2)) -> 37778.819 | I29: =IF(I$27<=0.7,(1/2*$C29*(I3+0.001)^2*$A$4)*($B$4+$C$4*I16^2),(1/2*$C29*(I3+0.001)^2*$A$4)*($B$4+$C$6*I16^2)) -> 47228.824 | J29: =IF(J$27<=0.7,(1/2*$C29*(J3+0.001)^2*$A$4)*($B$4+$C$4*J16^2),(1/2*$C29*(J3+0.001)^2*$A$4)*($B$4+$C$6*J16^2)) -> 65283.571 | K29: =IF(K$27<=0.7,(1/2*$C29*(K3+0.001)^2*$A$4)*($B$4+$C$4*K16^2),(1/2*$C29*(K3+0.001)^2*$A$4)*($B$4+$C$6*K16^2)) -> 89605.764 | L29: =IF(L$27<=0.7,(1/2*$C29*(L3+0.001)^2*$A$4)*($B$4+$C$4*L16^2),(1/2*$C29*(L3+0.001)^2*$A$4)*($B$4+$C$6*L16^2)) -> 119394.54 | ... O29: =IF(O$27<=0.7,(1/2*$C29*(O3+0.001)^2*$A$4)*($B$4+$C$4*O16^2),(1/2*$C29*(O3+0.001)^2*$A$4)*($B$4+$C$6*O16^2)) -> 240321.29 | P29: Altitude
C30: 1.112 | D30: 1000 | E30: =IF(E$27<=0.7,(1/2*$C30*(E4+0.001)^2*$A$4)*($B$4+$C$4*E17^2),(1/2*$C30*(E4+0.001)^2*$A$4)*($B$4+$C$6*E17^2)) -> 1.6543273e+09 | F30: =IF(F$27<=0.7,(1/2*$C30*(F4+0.001)^2*$A$4)*($B$4+$C$4*F17^2),(1/2*$C30*(F4+0.001)^2*$A$4)*($B$4+$C$6*F17^2)) -> 168514.87 | G30: =IF(G$27<=0.7,(1/2*$C30*(G4+0.001)^2*$A$4)*($B$4+$C$4*G17^2),(1/2*$C30*(G4+0.001)^2*$A$4)*($B$4+$C$6*G17^2)) -> 50031.017 | H30: =IF(H$27<=0.7,(1/2*$C30*(H4+0.001)^2*$A$4)*($B$4+$C$4*H17^2),(1/2*$C30*(H4+0.001)^2*$A$4)*($B$4+$C$6*H17^2)) -> 37452.897 | I30: =IF(I$27<=0.7,(1/2*$C30*(I4+0.001)^2*$A$4)*($B$4+$C$4*I17^2),(1/2*$C30*(I4+0.001)^2*$A$4)*($B$4+$C$6*I17^2)) -> 44111.726 | J30: =IF(J$27<=0.7,(1/2*$C30*(J4+0.001)^2*$A$4)*($B$4+$C$4*J17^2),(1/2*$C30*(J4+0.001)^2*$A$4)*($B$4+$C$6*J17^2)) -> 59329.555 | K30: =IF(K$27<=0.7,(1/2*$C30*(K4+0.001)^2*$A$4)*($B$4+$C$4*K17^2),(1/2*$C30*(K4+0.001)^2*$A$4)*($B$4+$C$6*K17^2)) -> 80471.53 | L30: =IF(L$27<=0.7,(1/2*$C30*(L4+0.001)^2*$A$4)*($B$4+$C$4*L17^2),(1/2*$C30*(L4+0.001)^2*$A$4)*($B$4+$C$6*L17^2)) -> 106634.83 | ... O30: =IF(O$27<=0.7,(1/2*$C30*(O4+0.001)^2*$A$4)*($B$4+$C$4*O17^2),(1/2*$C30*(O4+0.001)^2*$A$4)*($B$4+$C$6*O17^2)) -> 213855.85
C31: 1.007 | D31: 2000 | E31: =IF(E$27<=0.7,(1/2*$C31*(E5+0.001)^2*$A$4)*($B$4+$C$4*E18^2),(1/2*$C31*(E5+0.001)^2*$A$4)*($B$4+$C$6*E18^2)) -> 1.8698004e+09 | F31: =IF(F$27<=0.7,(1/2*$C31*(F5+0.001)^2*$A$4)*($B$4+$C$4*F18^2),(1/2*$C31*(F5+0.001)^2*$A$4)*($B$4+$C$6*F18^2)) -> 189959.18 | G31: =IF(G$27<=0.7,(1/2*$C31*(G5+0.001)^2*$A$4)*($B$4+$C$4*G18^2),(1/2*$C31*(G5+0.001)^2*$A$4)*($B$4+$C$6*G18^2)) -> 54481.283 | H31: =IF(H$27<=0.7,(1/2*$C31*(H5+0.001)^2*$A$4)*($B$4+$C$4*H18^2),(1/2*$C31*(H5+0.001)^2*$A$4)*($B$4+$C$6*H18^2)) -> 37676.335 | I31: =IF(I$27<=0.7,(1/2*$C31*(I5+0.001)^2*$A$4)*($B$4+$C$4*I18^2),(1/2*$C31*(I5+0.001)^2*$A$4)*($B$4+$C$6*I18^2)) -> 41580.398 | J31: =IF(J$27<=0.7,(1/2*$C31*(J5+0.001)^2*$A$4)*($B$4+$C$4*J18^2),(1/2*$C31*(J5+0.001)^2*$A$4)*($B$4+$C$6*J18^2)) -> 54123.907 | K31: =IF(K$27<=0.7,(1/2*$C31*(K5+0.001)^2*$A$4)*($B$4+$C$4*K18^2),(1/2*$C31*(K5+0.001)^2*$A$4)*($B$4+$C$6*K18^2)) -> 72328.618 | L31: =IF(L$27<=0.7,(1/2*$C31*(L5+0.001)^2*$A$4)*($B$4+$C$4*L18^2),(1/2*$C31*(L5+0.001)^2*$A$4)*($B$4+$C$6*L18^2)) -> 95174.051 | ... O31: =IF(O$27<=0.7,(1/2*$C31*(O5+0.001)^2*$A$4)*($B$4+$C$4*O18^2),(1/2*$C31*(O5+0.001)^2*$A$4)*($B$4+$C$6*O18^2)) -> 189975.79
C32: 0.9093 | D32: 3000 | E32: =IF(E$27<=0.7,(1/2*$C32*(E6+0.001)^2*$A$4)*($B$4+$C$4*E19^2),(1/2*$C32*(E6+0.001)^2*$A$4)*($B$4+$C$6*E19^2)) -> 2.1199948e+09 | F32: =IF(F$27<=0.7,(1/2*$C32*(F6+0.001)^2*$A$4)*($B$4+$C$4*F19^2),(1/2*$C32*(F6+0.001)^2*$A$4)*($B$4+$C$6*F19^2)) -> 214922.75 | G32: =IF(G$27<=0.7,(1/2*$C32*(G6+0.001)^2*$A$4)*($B$4+$C$4*G19^2),(1/2*$C32*(G6+0.001)^2*$A$4)*($B$4+$C$6*G19^2)) -> 59897.002 | H32: =IF(H$27<=0.7,(1/2*$C32*(H6+0.001)^2*$A$4)*($B$4+$C$4*H19^2),(1/2*$C32*(H6+0.001)^2*$A$4)*($B$4+$C$6*H19^2)) -> 38493.745 | I32: =IF(I$27<=0.7,(1/2*$C32*(I6+0.001)^2*$A$4)*($B$4+$C$4*I19^2),(1/2*$C32*(I6+0.001)^2*$A$4)*($B$4+$C$6*I19^2)) -> 39632.873 | J32: =IF(J$27<=0.7,(1/2*$C32*(J6+0.001)^2*$A$4)*($B$4+$C$4*J19^2),(1/2*$C32*(J6+0.001)^2*$A$4)*($B$4+$C$6*J19^2)) -> 49628.848 | K32: =IF(K$27<=0.7,(1/2*$C32*(K6+0.001)^2*$A$4)*($B$4+$C$4*K19^2),(1/2*$C32*(K6+0.001)^2*$A$4)*($B$4+$C$6*K19^2)) -> 65104.677 | L32: =IF(L$27<=0.7,(1/2*$C32*(L6+0.001)^2*$A$4)*($B$4+$C$4*L19^2),(1/2*$C32*(L6+0.001)^2*$A$4)*($B$4+$C$6*L19^2)) -> 84903.248 | ... O32: =IF(O$27<=0.7,(1/2*$C32*(O6+0.001)^2*$A$4)*($B$4+$C$4*O19^2),(1/2*$C32*(O6+0.001)^2*$A$4)*($B$4+$C$6*O19^2)) -> 168445.12
C33: 0.8194 | D33: 4000 | E33: =IF(E$27<=0.7,(1/2*$C33*(E7+0.001)^2*$A$4)*($B$4+$C$4*E20^2),(1/2*$C33*(E7+0.001)^2*$A$4)*($B$4+$C$6*E20^2)) -> 2.410747e+09 | F33: =IF(F$27<=0.7,(1/2*$C33*(F7+0.001)^2*$A$4)*($B$4+$C$4*F20^2),(1/2*$C33*(F7+0.001)^2*$A$4)*($B$4+$C$6*F20^2)) -> 243993 | G33: =IF(G$27<=0.7,(1/2*$C33*(G7+0.001)^2*$A$4)*($B$4+$C$4*G20^2),(1/2*$C33*(G7+0.001)^2*$A$4)*($B$4+$C$6*G20^2)) -> 66420.903 | H33: =IF(H$27<=0.7,(1/2*$C33*(H7+0.001)^2*$A$4)*($B$4+$C$4*H20^2),(1/2*$C33*(H7+0.001)^2*$A$4)*($B$4+$C$6*H20^2)) -> 39960.598 | I33: =IF(I$27<=0.7,(1/2*$C33*(I7+0.001)^2*$A$4)*($B$4+$C$4*I20^2),(1/2*$C33*(I7+0.001)^2*$A$4)*($B$4+$C$6*I20^2)) -> 38288.291 | J33: =IF(J$27<=0.7,(1/2*$C33*(J7+0.001)^2*$A$4)*($B$4+$C$4*J20^2),(1/2*$C33*(J7+0.001)^2*$A$4)*($B$4+$C$6*J20^2)) -> 45840.352 | K33: =IF(K$27<=0.7,(1/2*$C33*(K7+0.001)^2*$A$4)*($B$4+$C$4*K20^2),(1/2*$C33*(K7+0.001)^2*$A$4)*($B$4+$C$6*K20^2)) -> 58776.355 | L33: =IF(L$27<=0.7,(1/2*$C33*(L7+0.001)^2*$A$4)*($B$4+$C$4*L20^2),(1/2*$C33*(L7+0.001)^2*$A$4)*($B$4+$C$6*L20^2)) -> 75780.396 | ... O33: =IF(O$27<=0.7,(1/2*$C33*(O7+0.001)^2*$A$4)*($B$4+$C$4*O20^2),(1/2*$C33*(O7+0.001)^2*$A$4)*($B$4+$C$6*O20^2)) -> 149164.77
C34: 0.7364 | D34: 5000 | E34: =IF(E$27<=0.7,(1/2*$C34*(E8+0.001)^2*$A$4)*($B$4+$C$4*E21^2),(1/2*$C34*(E8+0.001)^2*$A$4)*($B$4+$C$6*E21^2)) -> 2.7513171e+09 | F34: =IF(F$27<=0.7,(1/2*$C34*(F8+0.001)^2*$A$4)*($B$4+$C$4*F21^2),(1/2*$C34*(F8+0.001)^2*$A$4)*($B$4+$C$6*F21^2)) -> 278100.56 | G34: =IF(G$27<=0.7,(1/2*$C34*(G8+0.001)^2*$A$4)*($B$4+$C$4*G21^2),(1/2*$C34*(G8+0.001)^2*$A$4)*($B$4+$C$6*G21^2)) -> 74276.704 | H34: =IF(H$27<=0.7,(1/2*$C34*(H8+0.001)^2*$A$4)*($B$4+$C$4*H21^2),(1/2*$C34*(H8+0.001)^2*$A$4)*($B$4+$C$6*H21^2)) -> 42159.092 | I34: =IF(I$27<=0.7,(1/2*$C34*(I8+0.001)^2*$A$4)*($B$4+$C$4*I21^2),(1/2*$C34*(I8+0.001)^2*$A$4)*($B$4+$C$6*I21^2)) -> 37566.792 | J34: =IF(J$27<=0.7,(1/2*$C34*(J8+0.001)^2*$A$4)*($B$4+$C$4*J21^2),(1/2*$C34*(J8+0.001)^2*$A$4)*($B$4+$C$6*J21^2)) -> 42736.09 | K34: =IF(K$27<=0.7,(1/2*$C34*(K8+0.001)^2*$A$4)*($B$4+$C$4*K21^2),(1/2*$C34*(K8+0.001)^2*$A$4)*($B$4+$C$6*K21^2)) -> 53283.673 | L34: =IF(L$27<=0.7,(1/2*$C34*(L8+0.001)^2*$A$4)*($B$4+$C$4*L21^2),(1/2*$C34*(L8+0.001)^2*$A$4)*($B$4+$C$6*L21^2)) -> 67707.621 | ... O34: =IF(O$27<=0.7,(1/2*$C34*(O8+0.001)^2*$A$4)*($B$4+$C$4*O21^2),(1/2*$C34*(O8+0.001)^2*$A$4)*($B$4+$C$6*O21^2)) -> 131913.87
C35: 0.6601 | D35: 6000 | E35: =IF(E$27<=0.7,(1/2*$C35*(E9+0.001)^2*$A$4)*($B$4+$C$4*E22^2),(1/2*$C35*(E9+0.001)^2*$A$4)*($B$4+$C$6*E22^2)) -> 3.1471627e+09 | F35: =IF(F$27<=0.7,(1/2*$C35*(F9+0.001)^2*$A$4)*($B$4+$C$4*F22^2),(1/2*$C35*(F9+0.001)^2*$A$4)*($B$4+$C$6*F22^2)) -> 317795.29 | G35: =IF(G$27<=0.7,(1/2*$C35*(G9+0.001)^2*$A$4)*($B$4+$C$4*G22^2),(1/2*$C35*(G9+0.001)^2*$A$4)*($B$4+$C$6*G22^2)) -> 83603.03 | H35: =IF(H$27<=0.7,(1/2*$C35*(H9+0.001)^2*$A$4)*($B$4+$C$4*H22^2),(1/2*$C35*(H9+0.001)^2*$A$4)*($B$4+$C$6*H22^2)) -> 45153.066 | I35: =IF(I$27<=0.7,(1/2*$C35*(I9+0.001)^2*$A$4)*($B$4+$C$4*I22^2),(1/2*$C35*(I9+0.001)^2*$A$4)*($B$4+$C$6*I22^2)) -> 37507.655 | J35: =IF(J$27<=0.7,(1/2*$C35*(J9+0.001)^2*$A$4)*($B$4+$C$4*J22^2),(1/2*$C35*(J9+0.001)^2*$A$4)*($B$4+$C$6*J22^2)) -> 40345.748 | K35: =IF(K$27<=0.7,(1/2*$C35*(K9+0.001)^2*$A$4)*($B$4+$C$4*K22^2),(1/2*$C35*(K9+0.001)^2*$A$4)*($B$4+$C$6*K22^2)) -> 48652.991 | L35: =IF(L$27<=0.7,(1/2*$C35*(L9+0.001)^2*$A$4)*($B$4+$C$4*L22^2),(1/2*$C35*(L9+0.001)^2*$A$4)*($B$4+$C$6*L22^2)) -> 60711.239 | ... O35: =IF(O$27<=0.7,(1/2*$C35*(O9+0.001)^2*$A$4)*($B$4+$C$4*O22^2),(1/2*$C35*(O9+0.001)^2*$A$4)*($B$4+$C$6*O22^2)) -> 116733.69
C36: 0.59 | D36: 7000 | E36: =IF(E$27<=0.7,(1/2*$C36*(E10+0.001)^2*$A$4)*($B$4+$C$4*E23^2),(1/2*$C36*(E10+0.001)^2*$A$4)*($B$4+$C$6*E23^2)) -> 3.6161262e+09 | F36: =IF(F$27<=0.7,(1/2*$C36*(F10+0.001)^2*$A$4)*($B$4+$C$4*F23^2),(1/2*$C36*(F10+0.001)^2*$A$4)*($B$4+$C$6*F23^2)) -> 364872.32 | G36: =IF(G$27<=0.7,(1/2*$C36*(G10+0.001)^2*$A$4)*($B$4+$C$4*G23^2),(1/2*$C36*(G10+0.001)^2*$A$4)*($B$4+$C$6*G23^2)) -> 94833.976 | H36: =IF(H$27<=0.7,(1/2*$C36*(H10+0.001)^2*$A$4)*($B$4+$C$4*H23^2),(1/2*$C36*(H10+0.001)^2*$A$4)*($B$4+$C$6*H23^2)) -> 49107.122 | I36: =IF(I$27<=0.7,(1/2*$C36*(I10+0.001)^2*$A$4)*($B$4+$C$4*I23^2),(1/2*$C36*(I10+0.001)^2*$A$4)*($B$4+$C$6*I23^2)) -> 38160.568 | J36: =IF(J$27<=0.7,(1/2*$C36*(J10+0.001)^2*$A$4)*($B$4+$C$4*J23^2),(1/2*$C36*(J10+0.001)^2*$A$4)*($B$4+$C$6*J23^2)) -> 38643.23 | K36: =IF(K$27<=0.7,(1/2*$C36*(K10+0.001)^2*$A$4)*($B$4+$C$4*K23^2),(1/2*$C36*(K10+0.001)^2*$A$4)*($B$4+$C$6*K23^2)) -> 44793.073 | L36: =IF(L$27<=0.7,(1/2*$C36*(L10+0.001)^2*$A$4)*($B$4+$C$4*L23^2),(1/2*$C36*(L10+0.001)^2*$A$4)*($B$4+$C$6*L23^2)) -> 54635.763 | ... O36: =IF(O$27<=0.7,(1/2*$C36*(O10+0.001)^2*$A$4)*($B$4+$C$4*O23^2),(1/2*$C36*(O10+0.001)^2*$A$4)*($B$4+$C$6*O23^2)) -> 103266.21
C37: 0.5258 | D37: 8000 | E37: =IF(E$27<=0.7,(1/2*$C37*(E11+0.001)^2*$A$4)*($B$4+$C$4*E24^2),(1/2*$C37*(E11+0.001)^2*$A$4)*($B$4+$C$6*E24^2)) -> 4.1686727e+09 | F37: =IF(F$27<=0.7,(1/2*$C37*(F11+0.001)^2*$A$4)*($B$4+$C$4*F24^2),(1/2*$C37*(F11+0.001)^2*$A$4)*($B$4+$C$6*F24^2)) -> 420386.19 | G37: =IF(G$27<=0.7,(1/2*$C37*(G11+0.001)^2*$A$4)*($B$4+$C$4*G24^2),(1/2*$C37*(G11+0.001)^2*$A$4)*($B$4+$C$6*G24^2)) -> 108233.77 | H37: =IF(H$27<=0.7,(1/2*$C37*(H11+0.001)^2*$A$4)*($B$4+$C$4*H24^2),(1/2*$C37*(H11+0.001)^2*$A$4)*($B$4+$C$6*H24^2)) -> 54139.837 | I37: =IF(I$27<=0.7,(1/2*$C37*(I11+0.001)^2*$A$4)*($B$4+$C$4*I24^2),(1/2*$C37*(I11+0.001)^2*$A$4)*($B$4+$C$6*I24^2)) -> 39593.954 | J37: =IF(J$27<=0.7,(1/2*$C37*(J11+0.001)^2*$A$4)*($B$4+$C$4*J24^2),(1/2*$C37*(J11+0.001)^2*$A$4)*($B$4+$C$6*J24^2)) -> 37674.655 | K37: =IF(K$27<=0.7,(1/2*$C37*(K11+0.001)^2*$A$4)*($B$4+$C$4*K24^2),(1/2*$C37*(K11+0.001)^2*$A$4)*($B$4+$C$6*K24^2)) -> 41738.886 | L37: =IF(L$27<=0.7,(1/2*$C37*(L11+0.001)^2*$A$4)*($B$4+$C$4*L24^2),(1/2*$C37*(L11+0.001)^2*$A$4)*($B$4+$C$6*L24^2)) -> 49510.437 | ... O37: =IF(O$27<=0.7,(1/2*$C37*(O11+0.001)^2*$A$4)*($B$4+$C$4*O24^2),(1/2*$C37*(O11+0.001)^2*$A$4)*($B$4+$C$6*O24^2)) -> 91547.243
C38: 0.4671 | D38: 9000 | E38: =IF(E$27<=0.7,(1/2*$C38*(E12+0.001)^2*$A$4)*($B$4+$C$4*E25^2),(1/2*$C38*(E12+0.001)^2*$A$4)*($B$4+$C$6*E25^2)) -> 4.8258808e+09 | F38: =IF(F$27<=0.7,(1/2*$C38*(F12+0.001)^2*$A$4)*($B$4+$C$4*F25^2),(1/2*$C38*(F12+0.001)^2*$A$4)*($B$4+$C$6*F25^2)) -> 486460.18 | G38: =IF(G$27<=0.7,(1/2*$C38*(G12+0.001)^2*$A$4)*($B$4+$C$4*G25^2),(1/2*$C38*(G12+0.001)^2*$A$4)*($B$4+$C$6*G25^2)) -> 124325.84 | H38: =IF(H$27<=0.7,(1/2*$C38*(H12+0.001)^2*$A$4)*($B$4+$C$4*H25^2),(1/2*$C38*(H12+0.001)^2*$A$4)*($B$4+$C$6*H25^2)) -> 60469.549 | I38: =IF(I$27<=0.7,(1/2*$C38*(I12+0.001)^2*$A$4)*($B$4+$C$4*I25^2),(1/2*$C38*(I12+0.001)^2*$A$4)*($B$4+$C$6*I25^2)) -> 41908.977 | J38: =IF(J$27<=0.7,(1/2*$C38*(J12+0.001)^2*$A$4)*($B$4+$C$4*J25^2),(1/2*$C38*(J12+0.001)^2*$A$4)*($B$4+$C$6*J25^2)) -> 37475.546 | K38: =IF(K$27<=0.7,(1/2*$C38*(K12+0.001)^2*$A$4)*($B$4+$C$4*K25^2),(1/2*$C38*(K12+0.001)^2*$A$4)*($B$4+$C$6*K25^2)) -> 39478.2 | L38: =IF(L$27<=0.7,(1/2*$C38*(L12+0.001)^2*$A$4)*($B$4+$C$4*L25^2),(1/2*$C38*(L12+0.001)^2*$A$4)*($B$4+$C$6*L25^2)) -> 45281.633 | ... O38: =IF(O$27<=0.7,(1/2*$C38*(O12+0.001)^2*$A$4)*($B$4+$C$4*O25^2),(1/2*$C38*(O12+0.001)^2*$A$4)*($B$4+$C$6*O25^2)) -> 81419.249
C39: 0.4135 | D39: 10000 | E39: =IF(E$27<=0.7,(1/2*$C39*(E13+0.001)^2*$A$4)*($B$4+$C$4*E26^2),(1/2*$C39*(E13+0.001)^2*$A$4)*($B$4+$C$6*E26^2)) -> 5.6085671e+09 | F39: =IF(F$27<=0.7,(1/2*$C39*(F13+0.001)^2*$A$4)*($B$4+$C$4*F26^2),(1/2*$C39*(F13+0.001)^2*$A$4)*($B$4+$C$6*F26^2)) -> 565191.59 | G39: =IF(G$27<=0.7,(1/2*$C39*(G13+0.001)^2*$A$4)*($B$4+$C$4*G26^2),(1/2*$C39*(G13+0.001)^2*$A$4)*($B$4+$C$6*G26^2)) -> 143631.45 | H39: =IF(H$27<=0.7,(1/2*$C39*(H13+0.001)^2*$A$4)*($B$4+$C$4*H26^2),(1/2*$C39*(H13+0.001)^2*$A$4)*($B$4+$C$6*H26^2)) -> 68322.017 | I39: =IF(I$27<=0.7,(1/2*$C39*(I13+0.001)^2*$A$4)*($B$4+$C$4*I26^2),(1/2*$C39*(I13+0.001)^2*$A$4)*($B$4+$C$6*I26^2)) -> 45223.662 | J39: =IF(J$27<=0.7,(1/2*$C39*(J13+0.001)^2*$A$4)*($B$4+$C$4*J26^2),(1/2*$C39*(J13+0.001)^2*$A$4)*($B$4+$C$6*J26^2)) -> 38109.345 | K39: =IF(K$27<=0.7,(1/2*$C39*(K13+0.001)^2*$A$4)*($B$4+$C$4*K26^2),(1/2*$C39*(K13+0.001)^2*$A$4)*($B$4+$C$6*K26^2)) -> 38039.794 | L39: =IF(L$27<=0.7,(1/2*$C39*(L13+0.001)^2*$A$4)*($B$4+$C$4*L26^2),(1/2*$C39*(L13+0.001)^2*$A$4)*($B$4+$C$6*L26^2)) -> 41952.012 | ... O39: =IF(O$27<=0.7,(1/2*$C39*(O13+0.001)^2*$A$4)*($B$4+$C$4*O26^2),(1/2*$C39*(O13+0.001)^2*$A$4)*($B$4+$C$6*O26^2)) -> 72840.183
C42: TR | D42: Mach
C43: 0.5 | D43: 0 | E43: 0.1 | F43: 0.2 | G43: 0.3 | H43: 0.4 | I43: 0.5 | J43: 0.6 | K43: 0.7 | L43: 0.8 | M43: 0.9 | N43: 1
C44: 0 | D44: =IF(E16>$A$10,-100,(Sheet4!$A$7*'Engine Deck'!B51-Sheet4!E29)*E3/Sheet4!$B$2) -> -100 | E44: =IF(F16>$A$10,-100,(Sheet4!$A$7*'Engine Deck'!C51-Sheet4!F29)*F3/Sheet4!$B$2) -> -100 | F44: =IF(G16>$A$10,-100,(Sheet4!$A$7*'Engine Deck'!D51-Sheet4!G29)*G3/Sheet4!$B$2) -> -10.5823 | G44: =IF(H16>$A$10,-100,(Sheet4!$A$7*'Engine Deck'!E51-Sheet4!H29)*H3/Sheet4!$B$2) -> -15.486682 | H44: =IF(I16>$A$10,-100,(Sheet4!$A$7*'Engine Deck'!F51-Sheet4!I29)*I3/Sheet4!$B$2) -> -24.687039 | I44: =IF(J16>$A$10,-100,(Sheet4!$A$7*'Engine Deck'!G51-Sheet4!J29)*J3/Sheet4!$B$2) -> -38.974622 | J44: =IF(K16>$A$10,-100,(Sheet4!$A$7*'Engine Deck'!H51-Sheet4!K29)*K3/Sheet4!$B$2) -> -59.450279 | K44: =IF(L16>$A$10,-100,(Sheet4!$A$7*'Engine Deck'!I51-Sheet4!L29)*L3/Sheet4!$B$2) -> -87.314432 | ... N44: =IF(O16>$A$10,-100,(Sheet4!$A$7*'Engine Deck'!L51-Sheet4!O29)*O3/Sheet4!$B$2) -> -228.80053 | O44: Altitude
C45: 1000 | D45: =IF(E17>$A$10,-100,(Sheet4!$A$7*'Engine Deck'!B52-Sheet4!E30)*E4/Sheet4!$B$2) -> -100 | E45: =IF(F17>$A$10,-100,(Sheet4!$A$7*'Engine Deck'!C52-Sheet4!F30)*F4/Sheet4!$B$2) -> -100 | F45: =IF(G17>$A$10,-100,(Sheet4!$A$7*'Engine Deck'!D52-Sheet4!G30)*G4/Sheet4!$B$2) -> -8.7857659 | G45: =IF(H17>$A$10,-100,(Sheet4!$A$7*'Engine Deck'!E52-Sheet4!H30)*H4/Sheet4!$B$2) -> -12.058053 | H45: =IF(I17>$A$10,-100,(Sheet4!$A$7*'Engine Deck'!F52-Sheet4!I30)*I4/Sheet4!$B$2) -> -19.292597 | I45: =IF(J17>$A$10,-100,(Sheet4!$A$7*'Engine Deck'!G52-Sheet4!J30)*J4/Sheet4!$B$2) -> -31.058805 | J45: =IF(K17>$A$10,-100,(Sheet4!$A$7*'Engine Deck'!H52-Sheet4!K30)*K4/Sheet4!$B$2) -> -48.269611 | K45: =IF(L17>$A$10,-100,(Sheet4!$A$7*'Engine Deck'!I52-Sheet4!L30)*L4/Sheet4!$B$2) -> -71.94691 | ... N45: =IF(O17>$A$10,-100,(Sheet4!$A$7*'Engine Deck'!L52-Sheet4!O30)*O4/Sheet4!$B$2) -> -193.65474
C46: 2000 | D46: =IF(E18>$A$10,-100,(Sheet4!$A$7*'Engine Deck'!B53-Sheet4!E31)*E5/Sheet4!$B$2) -> -100 | E46: =IF(F18>$A$10,-100,(Sheet4!$A$7*'Engine Deck'!C53-Sheet4!F31)*F5/Sheet4!$B$2) -> -100 | F46: =IF(G18>$A$10,-100,(Sheet4!$A$7*'Engine Deck'!D53-Sheet4!G31)*G5/Sheet4!$B$2) -> -7.5144806 | G46: =IF(H18>$A$10,-100,(Sheet4!$A$7*'Engine Deck'!E53-Sheet4!H31)*H5/Sheet4!$B$2) -> -9.3793193 | H46: =IF(I18>$A$10,-100,(Sheet4!$A$7*'Engine Deck'!F53-Sheet4!I31)*I5/Sheet4!$B$2) -> -14.9252 | I46: =IF(J18>$A$10,-100,(Sheet4!$A$7*'Engine Deck'!G53-Sheet4!J31)*J5/Sheet4!$B$2) -> -24.513442 | J46: =IF(K18>$A$10,-100,(Sheet4!$A$7*'Engine Deck'!H53-Sheet4!K31)*K5/Sheet4!$B$2) -> -38.887112 | K46: =IF(L18>$A$10,-100,(Sheet4!$A$7*'Engine Deck'!I53-Sheet4!L31)*L5/Sheet4!$B$2) -> -58.908728 | ... N46: =IF(O18>$A$10,-100,(Sheet4!$A$7*'Engine Deck'!L53-Sheet4!O31)*O5/Sheet4!$B$2) -> -163.26435
C47: 3000 | D47: =IF(E19>$A$10,-100,(Sheet4!$A$7*'Engine Deck'!B54-Sheet4!E32)*E6/Sheet4!$B$2) -> -100 | E47: =IF(F19>$A$10,-100,(Sheet4!$A$7*'Engine Deck'!C54-Sheet4!F32)*F6/Sheet4!$B$2) -> -100 | F47: =IF(G19>$A$10,-100,(Sheet4!$A$7*'Engine Deck'!D54-Sheet4!G32)*G6/Sheet4!$B$2) -> -100 | G47: =IF(H19>$A$10,-100,(Sheet4!$A$7*'Engine Deck'!E54-Sheet4!H32)*H6/Sheet4!$B$2) -> -7.3771385 | H47: =IF(I19>$A$10,-100,(Sheet4!$A$7*'Engine Deck'!F54-Sheet4!I32)*I6/Sheet4!$B$2) -> -11.477283 | I47: =IF(J19>$A$10,-100,(Sheet4!$A$7*'Engine Deck'!G54-Sheet4!J32)*J6/Sheet4!$B$2) -> -19.192053 | J47: =IF(K19>$A$10,-100,(Sheet4!$A$7*'Engine Deck'!H54-Sheet4!K32)*K6/Sheet4!$B$2) -> -31.110189 | K47: =IF(L19>$A$10,-100,(Sheet4!$A$7*'Engine Deck'!I54-Sheet4!L32)*L6/Sheet4!$B$2) -> -47.951807 | ... N47: =IF(O19>$A$10,-100,(Sheet4!$A$7*'Engine Deck'!L54-Sheet4!O32)*O6/Sheet4!$B$2) -> -137.14071
C48: 4000 | D48: =IF(E20>$A$10,-100,(Sheet4!$A$7*'Engine Deck'!B55-Sheet4!E33)*E7/Sheet4!$B$2) -> -100 | E48: =IF(F20>$A$10,-100,(Sheet4!$A$7*'Engine Deck'!C55-Sheet4!F33)*F7/Sheet4!$B$2) -> -100 | F48: =IF(G20>$A$10,-100,(Sheet4!$A$7*'Engine Deck'!D55-Sheet4!G33)*G7/Sheet4!$B$2) -> -100 | G48: =IF(H20>$A$10,-100,(Sheet4!$A$7*'Engine Deck'!E55-Sheet4!H33)*H7/Sheet4!$B$2) -> -5.9662013 | H48: =IF(I20>$A$10,-100,(Sheet4!$A$7*'Engine Deck'!F55-Sheet4!I33)*I7/Sheet4!$B$2) -> -8.8275292 | I48: =IF(J20>$A$10,-100,(Sheet4!$A$7*'Engine Deck'!G55-Sheet4!J33)*J7/Sheet4!$B$2) -> -14.933068 | J48: =IF(K20>$A$10,-100,(Sheet4!$A$7*'Engine Deck'!H55-Sheet4!K33)*K7/Sheet4!$B$2) -> -24.730467 | K48: =IF(L20>$A$10,-100,(Sheet4!$A$7*'Engine Deck'!I55-Sheet4!L33)*L7/Sheet4!$B$2) -> -38.81235 | ... N48: =IF(O20>$A$10,-100,(Sheet4!$A$7*'Engine Deck'!L55-Sheet4!O33)*O7/Sheet4!$B$2) -> -114.78448
C49: 5000 | D49: =IF(E21>$A$10,-100,(Sheet4!$A$7*'Engine Deck'!B56-Sheet4!E34)*E8/Sheet4!$B$2) -> -100 | E49: =IF(F21>$A$10,-100,(Sheet4!$A$7*'Engine Deck'!C56-Sheet4!F34)*F8/Sheet4!$B$2) -> -100 | F49: =IF(G21>$A$10,-100,(Sheet4!$A$7*'Engine Deck'!D56-Sheet4!G34)*G8/Sheet4!$B$2) -> -100 | G49: =IF(H21>$A$10,-100,(Sheet4!$A$7*'Engine Deck'!E56-Sheet4!H34)*H8/Sheet4!$B$2) -> -5.0784511 | H49: =IF(I21>$A$10,-100,(Sheet4!$A$7*'Engine Deck'!F56-Sheet4!I34)*I8/Sheet4!$B$2) -> -6.8731511 | I49: =IF(J21>$A$10,-100,(Sheet4!$A$7*'Engine Deck'!G56-Sheet4!J34)*J8/Sheet4!$B$2) -> -11.595093 | J49: =IF(K21>$A$10,-100,(Sheet4!$A$7*'Engine Deck'!H56-Sheet4!K34)*K8/Sheet4!$B$2) -> -19.561437 | K49: =IF(L21>$A$10,-100,(Sheet4!$A$7*'Engine Deck'!I56-Sheet4!L34)*L8/Sheet4!$B$2) -> -31.250042 | ... N49: =IF(O21>$A$10,-100,(Sheet4!$A$7*'Engine Deck'!L56-Sheet4!O34)*O8/Sheet4!$B$2) -> -95.725605
C50: 6000 | D50: =IF(E22>$A$10,-100,(Sheet4!$A$7*'Engine Deck'!B57-Sheet4!E35)*E9/Sheet4!$B$2) -> -100 | E50: =IF(F22>$A$10,-100,(Sheet4!$A$7*'Engine Deck'!C57-Sheet4!F35)*F9/Sheet4!$B$2) -> -100 | F50: =IF(G22>$A$10,-100,(Sheet4!$A$7*'Engine Deck'!D57-Sheet4!G35)*G9/Sheet4!$B$2) -> -100 | G50: =IF(H22>$A$10,-100,(Sheet4!$A$7*'Engine Deck'!E57-Sheet4!H35)*H9/Sheet4!$B$2) -> -4.6538369 | H50: =IF(I22>$A$10,-100,(Sheet4!$A$7*'Engine Deck'!F57-Sheet4!I35)*I9/Sheet4!$B$2) -> -5.5303401 | I50: =IF(J22>$A$10,-100,(Sheet4!$A$7*'Engine Deck'!G57-Sheet4!J35)*J9/Sheet4!$B$2) -> -9.0712591 | J50: =IF(K22>$A$10,-100,(Sheet4!$A$7*'Engine Deck'!H57-Sheet4!K35)*K9/Sheet4!$B$2) -> -15.472765 | K50: =IF(L22>$A$10,-100,(Sheet4!$A$7*'Engine Deck'!I57-Sheet4!L35)*L9/Sheet4!$B$2) -> -25.109892 | ... N50: =IF(O22>$A$10,-100,(Sheet4!$A$7*'Engine Deck'!L57-Sheet4!O35)*O9/Sheet4!$B$2) -> -79.724115
C51: 7000 | D51: =IF(E23>$A$10,-100,(Sheet4!$A$7*'Engine Deck'!B58-Sheet4!E36)*E10/Sheet4!$B$2) -> -100 | E51: =IF(F23>$A$10,-100,(Sheet4!$A$7*'Engine Deck'!C58-Sheet4!F36)*F10/Sheet4!$B$2) -> -100 | F51: =IF(G23>$A$10,-100,(Sheet4!$A$7*'Engine Deck'!D58-Sheet4!G36)*G10/Sheet4!$B$2) -> -100 | G51: =IF(H23>$A$10,-100,(Sheet4!$A$7*'Engine Deck'!E58-Sheet4!H36)*H10/Sheet4!$B$2) -> -4.6485998 | H51: =IF(I23>$A$10,-100,(Sheet4!$A$7*'Engine Deck'!F58-Sheet4!I36)*I10/Sheet4!$B$2) -> -4.7179379 | I51: =IF(J23>$A$10,-100,(Sheet4!$A$7*'Engine Deck'!G58-Sheet4!J36)*J10/Sheet4!$B$2) -> -7.2360796 | J51: =IF(K23>$A$10,-100,(Sheet4!$A$7*'Engine Deck'!H58-Sheet4!K36)*K10/Sheet4!$B$2) -> -12.283789 | K51: =IF(L23>$A$10,-100,(Sheet4!$A$7*'Engine Deck'!I58-Sheet4!L36)*L10/Sheet4!$B$2) -> -20.141981 | ... N51: =IF(O23>$A$10,-100,(Sheet4!$A$7*'Engine Deck'!L58-Sheet4!O36)*O10/Sheet4!$B$2) -> -66.214552
C52: 8000 | D52: =IF(E24>$A$10,-100,(Sheet4!$A$7*'Engine Deck'!B59-Sheet4!E37)*E11/Sheet4!$B$2) -> -100 | E52: =IF(F24>$A$10,-100,(Sheet4!$A$7*'Engine Deck'!C59-Sheet4!F37)*F11/Sheet4!$B$2) -> -100 | F52: =IF(G24>$A$10,-100,(Sheet4!$A$7*'Engine Deck'!D59-Sheet4!G37)*G11/Sheet4!$B$2) -> -100 | G52: =IF(H24>$A$10,-100,(Sheet4!$A$7*'Engine Deck'!E59-Sheet4!H37)*H11/Sheet4!$B$2) -> -5.0264242 | H52: =IF(I24>$A$10,-100,(Sheet4!$A$7*'Engine Deck'!F59-Sheet4!I37)*I11/Sheet4!$B$2) -> -4.3789639 | I52: =IF(J24>$A$10,-100,(Sheet4!$A$7*'Engine Deck'!G59-Sheet4!J37)*J11/Sheet4!$B$2) -> -6.0132215 | J52: =IF(K24>$A$10,-100,(Sheet4!$A$7*'Engine Deck'!H59-Sheet4!K37)*K11/Sheet4!$B$2) -> -9.8987894 | K52: =IF(L24>$A$10,-100,(Sheet4!$A$7*'Engine Deck'!I59-Sheet4!L37)*L11/Sheet4!$B$2) -> -16.230331 | ... N52: =IF(O24>$A$10,-100,(Sheet4!$A$7*'Engine Deck'!L59-Sheet4!O37)*O11/Sheet4!$B$2) -> -55.013287
C53: 9000 | D53: =IF(E25>$A$10,-100,(Sheet4!$A$7*'Engine Deck'!B60-Sheet4!E38)*E12/Sheet4!$B$2) -> -100 | E53: =IF(F25>$A$10,-100,(Sheet4!$A$7*'Engine Deck'!C60-Sheet4!F38)*F12/Sheet4!$B$2) -> -100 | F53: =IF(G25>$A$10,-100,(Sheet4!$A$7*'Engine Deck'!D60-Sheet4!G38)*G12/Sheet4!$B$2) -> -100 | G53: =IF(H25>$A$10,-100,(Sheet4!$A$7*'Engine Deck'!E60-Sheet4!H38)*H12/Sheet4!$B$2) -> -100 | H53: =IF(I25>$A$10,-100,(Sheet4!$A$7*'Engine Deck'!F60-Sheet4!I38)*I12/Sheet4!$B$2) -> -4.4637165 | I53: =IF(J25>$A$10,-100,(Sheet4!$A$7*'Engine Deck'!G60-Sheet4!J38)*J12/Sheet4!$B$2) -> -5.3232788 | J53: =IF(K25>$A$10,-100,(Sheet4!$A$7*'Engine Deck'!H60-Sheet4!K38)*K12/Sheet4!$B$2) -> -8.2039763 | K53: =IF(L25>$A$10,-100,(Sheet4!$A$7*'Engine Deck'!I60-Sheet4!L38)*L12/Sheet4!$B$2) -> -13.219987 | ... N53: =IF(O25>$A$10,-100,(Sheet4!$A$7*'Engine Deck'!L60-Sheet4!O38)*O12/Sheet4!$B$2) -> -45.791597
C54: 10000 | D54: =IF(E26>$A$10,-100,(Sheet4!$A$7*'Engine Deck'!B61-Sheet4!E39)*E13/Sheet4!$B$2) -> -100 | E54: =IF(F26>$A$10,-100,(Sheet4!$A$7*'Engine Deck'!C61-Sheet4!F39)*F13/Sheet4!$B$2) -> -100 | F54: =IF(G26>$A$10,-100,(Sheet4!$A$7*'Engine Deck'!D61-Sheet4!G39)*G13/Sheet4!$B$2) -> -100 | G54: =IF(H26>$A$10,-100,(Sheet4!$A$7*'Engine Deck'!E61-Sheet4!H39)*H13/Sheet4!$B$2) -> -100 | H54: =IF(I26>$A$10,-100,(Sheet4!$A$7*'Engine Deck'!F61-Sheet4!I39)*I13/Sheet4!$B$2) -> -4.9499489 | I54: =IF(J26>$A$10,-100,(Sheet4!$A$7*'Engine Deck'!G61-Sheet4!J39)*J13/Sheet4!$B$2) -> -5.1244469 | J54: =IF(K26>$A$10,-100,(Sheet4!$A$7*'Engine Deck'!H61-Sheet4!K39)*K13/Sheet4!$B$2) -> -7.1364677 | K54: =IF(L26>$A$10,-100,(Sheet4!$A$7*'Engine Deck'!I61-Sheet4!L39)*L13/Sheet4!$B$2) -> -11.024022 | ... N54: =IF(O26>$A$10,-100,(Sheet4!$A$7*'Engine Deck'!L61-Sheet4!O39)*O13/Sheet4!$B$2) -> -38.370301
C57: TR | D57: Mach
C58: 0.6 | D58: 0 | E58: 0.1 | F58: 0.2 | G58: 0.3 | H58: 0.4 | I58: 0.5 | J58: 0.6 | K58: 0.7 | L58: 0.8 | M58: 0.9 | N58: 1
C59: 0 | D59: =IF(E16>$A$10,-100,(Sheet4!$A$7*'Engine Deck'!B66-Sheet4!E29)*E3/Sheet4!$B$2) -> -100 | E59: =IF(F16>$A$10,-100,(Sheet4!$A$7*'Engine Deck'!C66-Sheet4!F29)*F3/Sheet4!$B$2) -> -100 | F59: =IF(G16>$A$10,-100,(Sheet4!$A$7*'Engine Deck'!D66-Sheet4!G29)*G3/Sheet4!$B$2) -> -2.8295233 | G59: =IF(H16>$A$10,-100,(Sheet4!$A$7*'Engine Deck'!E66-Sheet4!H29)*H3/Sheet4!$B$2) -> -4.3946222 | H59: =IF(I16>$A$10,-100,(Sheet4!$A$7*'Engine Deck'!F66-Sheet4!I29)*I3/Sheet4!$B$2) -> -10.48333 | I59: =IF(J16>$A$10,-100,(Sheet4!$A$7*'Engine Deck'!G66-Sheet4!J29)*J3/Sheet4!$B$2) -> -21.813528 | J59: =IF(K16>$A$10,-100,(Sheet4!$A$7*'Engine Deck'!H66-Sheet4!K29)*K3/Sheet4!$B$2) -> -39.426668 | K59: =IF(L16>$A$10,-100,(Sheet4!$A$7*'Engine Deck'!I66-Sheet4!L29)*L3/Sheet4!$B$2) -> -64.474576 | ... N59: =IF(O16>$A$10,-100,(Sheet4!$A$7*'Engine Deck'!L66-Sheet4!O29)*O3/Sheet4!$B$2) -> -197.42025 | O59: Altitude
C60: 1000 | D60: =IF(E17>$A$10,-100,(Sheet4!$A$7*'Engine Deck'!B67-Sheet4!E30)*E4/Sheet4!$B$2) -> -100 | E60: =IF(F17>$A$10,-100,(Sheet4!$A$7*'Engine Deck'!C67-Sheet4!F30)*F4/Sheet4!$B$2) -> -100 | F60: =IF(G17>$A$10,-100,(Sheet4!$A$7*'Engine Deck'!D67-Sheet4!G30)*G4/Sheet4!$B$2) -> -1.9858281 | G60: =IF(H17>$A$10,-100,(Sheet4!$A$7*'Engine Deck'!E67-Sheet4!H30)*H4/Sheet4!$B$2) -> -2.32924 | H60: =IF(I17>$A$10,-100,(Sheet4!$A$7*'Engine Deck'!F67-Sheet4!I30)*I4/Sheet4!$B$2) -> -6.8345655 | I60: =IF(J17>$A$10,-100,(Sheet4!$A$7*'Engine Deck'!G67-Sheet4!J30)*J4/Sheet4!$B$2) -> -16.006859 | J60: =IF(K17>$A$10,-100,(Sheet4!$A$7*'Engine Deck'!H67-Sheet4!K30)*K4/Sheet4!$B$2) -> -30.70696 | K60: =IF(L17>$A$10,-100,(Sheet4!$A$7*'Engine Deck'!I67-Sheet4!L30)*L4/Sheet4!$B$2) -> -51.914139 | ... N60: =IF(O17>$A$10,-100,(Sheet4!$A$7*'Engine Deck'!L67-Sheet4!O30)*O4/Sheet4!$B$2) -> -166.13118
C61: 2000 | D61: =IF(E18>$A$10,-100,(Sheet4!$A$7*'Engine Deck'!B68-Sheet4!E31)*E5/Sheet4!$B$2) -> -100 | E61: =IF(F18>$A$10,-100,(Sheet4!$A$7*'Engine Deck'!C68-Sheet4!F31)*F5/Sheet4!$B$2) -> -100 | F61: =IF(G18>$A$10,-100,(Sheet4!$A$7*'Engine Deck'!D68-Sheet4!G31)*G5/Sheet4!$B$2) -> -1.5695791 | G61: =IF(H18>$A$10,-100,(Sheet4!$A$7*'Engine Deck'!E68-Sheet4!H31)*H5/Sheet4!$B$2) -> -0.87382443 | H61: =IF(I18>$A$10,-100,(Sheet4!$A$7*'Engine Deck'!F68-Sheet4!I31)*I5/Sheet4!$B$2) -> -4.0336641 | I61: =IF(J18>$A$10,-100,(Sheet4!$A$7*'Engine Deck'!G68-Sheet4!J31)*J5/Sheet4!$B$2) -> -11.354155 | J61: =IF(K18>$A$10,-100,(Sheet4!$A$7*'Engine Deck'!H68-Sheet4!K31)*K5/Sheet4!$B$2) -> -23.532819 | K61: =IF(L18>$A$10,-100,(Sheet4!$A$7*'Engine Deck'!I68-Sheet4!L31)*L5/Sheet4!$B$2) -> -41.394913 | ... N61: =IF(O18>$A$10,-100,(Sheet4!$A$7*'Engine Deck'!L68-Sheet4!O31)*O5/Sheet4!$B$2) -> -139.20165
C62: 3000 | D62: =IF(E19>$A$10,-100,(Sheet4!$A$7*'Engine Deck'!B69-Sheet4!E32)*E6/Sheet4!$B$2) -> -100 | E62: =IF(F19>$A$10,-100,(Sheet4!$A$7*'Engine Deck'!C69-Sheet4!F32)*F6/Sheet4!$B$2) -> -100 | F62: =IF(G19>$A$10,-100,(Sheet4!$A$7*'Engine Deck'!D69-Sheet4!G32)*G6/Sheet4!$B$2) -> -100 | G62: =IF(H19>$A$10,-100,(Sheet4!$A$7*'Engine Deck'!E69-Sheet4!H32)*H6/Sheet4!$B$2) -> 0.036822081 | H62: =IF(I19>$A$10,-100,(Sheet4!$A$7*'Engine Deck'!F69-Sheet4!I32)*I6/Sheet4!$B$2) -> -1.9834879 | I62: =IF(J19>$A$10,-100,(Sheet4!$A$7*'Engine Deck'!G69-Sheet4!J32)*J6/Sheet4!$B$2) -> -7.7215341 | J62: =IF(K19>$A$10,-100,(Sheet4!$A$7*'Engine Deck'!H69-Sheet4!K32)*K6/Sheet4!$B$2) -> -17.726357 | K62: =IF(L19>$A$10,-100,(Sheet4!$A$7*'Engine Deck'!I69-Sheet4!L32)*L6/Sheet4!$B$2) -> -32.68559 | ... N62: =IF(O19>$A$10,-100,(Sheet4!$A$7*'Engine Deck'!L69-Sheet4!O32)*O6/Sheet4!$B$2) -> -116.16605
C63: 4000 | D63: =IF(E20>$A$10,-100,(Sheet4!$A$7*'Engine Deck'!B70-Sheet4!E33)*E7/Sheet4!$B$2) -> -100 | E63: =IF(F20>$A$10,-100,(Sheet4!$A$7*'Engine Deck'!C70-Sheet4!F33)*F7/Sheet4!$B$2) -> -100 | F63: =IF(G20>$A$10,-100,(Sheet4!$A$7*'Engine Deck'!D70-Sheet4!G33)*G7/Sheet4!$B$2) -> -100 | G63: =IF(H20>$A$10,-100,(Sheet4!$A$7*'Engine Deck'!E70-Sheet4!H33)*H7/Sheet4!$B$2) -> 0.47390216 | H63: =IF(I20>$A$10,-100,(Sheet4!$A$7*'Engine Deck'!F70-Sheet4!I33)*I7/Sheet4!$B$2) -> -0.58078733 | I63: =IF(J20>$A$10,-100,(Sheet4!$A$7*'Engine Deck'!G70-Sheet4!J33)*J7/Sheet4!$B$2) -> -4.969254 | J63: =IF(K20>$A$10,-100,(Sheet4!$A$7*'Engine Deck'!H70-Sheet4!K33)*K7/Sheet4!$B$2) -> -13.104662 | K63: =IF(L20>$A$10,-100,(Sheet4!$A$7*'Engine Deck'!I70-Sheet4!L33)*L7/Sheet4!$B$2) -> -25.551419 | ... N63: =IF(O20>$A$10,-100,(Sheet4!$A$7*'Engine Deck'!L70-Sheet4!O33)*O7/Sheet4!$B$2) -> -96.564935
C64: 5000 | D64: =IF(E21>$A$10,-100,(Sheet4!$A$7*'Engine Deck'!B71-Sheet4!E34)*E8/Sheet4!$B$2) -> -100 | E64: =IF(F21>$A$10,-100,(Sheet4!$A$7*'Engine Deck'!C71-Sheet4!F34)*F8/Sheet4!$B$2) -> -100 | F64: =IF(G21>$A$10,-100,(Sheet4!$A$7*'Engine Deck'!D71-Sheet4!G34)*G8/Sheet4!$B$2) -> -100 | G64: =IF(H21>$A$10,-100,(Sheet4!$A$7*'Engine Deck'!E71-Sheet4!H34)*H8/Sheet4!$B$2) -> 0.49551775 | H64: =IF(I21>$A$10,-100,(Sheet4!$A$7*'Engine Deck'!F71-Sheet4!I34)*I8/Sheet4!$B$2) -> 0.26448 | I64: =IF(J21>$A$10,-100,(Sheet4!$A$7*'Engine Deck'!G71-Sheet4!J34)*J8/Sheet4!$B$2) -> -2.9713197 | J64: =IF(K21>$A$10,-100,(Sheet4!$A$7*'Engine Deck'!H71-Sheet4!K34)*K8/Sheet4!$B$2) -> -9.4991948 | K64: =IF(L21>$A$10,-100,(Sheet4!$A$7*'Engine Deck'!I71-Sheet4!L34)*L8/Sheet4!$B$2) -> -19.772584 | ... N64: =IF(O21>$A$10,-100,(Sheet4!$A$7*'Engine Deck'!L71-Sheet4!O34)*O8/Sheet4!$B$2) -> -79.95642
C65: 6000 | D65: =IF(E22>$A$10,-100,(Sheet4!$A$7*'Engine Deck'!B72-Sheet4!E35)*E9/Sheet4!$B$2) -> -100 | E65: =IF(F22>$A$10,-100,(Sheet4!$A$7*'Engine Deck'!C72-Sheet4!F35)*F9/Sheet4!$B$2) -> -100 | F65: =IF(G22>$A$10,-100,(Sheet4!$A$7*'Engine Deck'!D72-Sheet4!G35)*G9/Sheet4!$B$2) -> -100 | G65: =IF(H22>$A$10,-100,(Sheet4!$A$7*'Engine Deck'!E72-Sheet4!H35)*H9/Sheet4!$B$2) -> 0.15500506 | H65: =IF(I22>$A$10,-100,(Sheet4!$A$7*'Engine Deck'!F72-Sheet4!I35)*I9/Sheet4!$B$2) -> 0.62752348 | I65: =IF(J22>$A$10,-100,(Sheet4!$A$7*'Engine Deck'!G72-Sheet4!J35)*J9/Sheet4!$B$2) -> -1.6312531 | J65: =IF(K22>$A$10,-100,(Sheet4!$A$7*'Engine Deck'!H72-Sheet4!K35)*K9/Sheet4!$B$2) -> -6.7917456 | K65: =IF(L22>$A$10,-100,(Sheet4!$A$7*'Engine Deck'!I72-Sheet4!L35)*L9/Sheet4!$B$2) -> -15.207921 | ... N65: =IF(O22>$A$10,-100,(Sheet4!$A$7*'Engine Deck'!L72-Sheet4!O35)*O9/Sheet4!$B$2) -> -66.119533
C66: 7000 | D66: =IF(E23>$A$10,-100,(Sheet4!$A$7*'Engine Deck'!B73-Sheet4!E36)*E10/Sheet4!$B$2) -> -100 | E66: =IF(F23>$A$10,-100,(Sheet4!$A$7*'Engine Deck'!C73-Sheet4!F36)*F10/Sheet4!$B$2) -> -100 | F66: =IF(G23>$A$10,-100,(Sheet4!$A$7*'Engine Deck'!D73-Sheet4!G36)*G10/Sheet4!$B$2) -> -100 | G66: =IF(H23>$A$10,-100,(Sheet4!$A$7*'Engine Deck'!E73-Sheet4!H36)*H10/Sheet4!$B$2) -> -0.5175515 | H66: =IF(I23>$A$10,-100,(Sheet4!$A$7*'Engine Deck'!F73-Sheet4!I36)*I10/Sheet4!$B$2) -> 0.57199088 | I66: =IF(J23>$A$10,-100,(Sheet4!$A$7*'Engine Deck'!G73-Sheet4!J36)*J10/Sheet4!$B$2) -> -0.84472302 | J66: =IF(K23>$A$10,-100,(Sheet4!$A$7*'Engine Deck'!H73-Sheet4!K36)*K10/Sheet4!$B$2) -> -4.8263365 | K66: =IF(L23>$A$10,-100,(Sheet4!$A$7*'Engine Deck'!I73-Sheet4!L36)*L10/Sheet4!$B$2) -> -11.635667 | ... N66: =IF(O23>$A$10,-100,(Sheet4!$A$7*'Engine Deck'!L73-Sheet4!O36)*O10/Sheet4!$B$2) -> -54.5275
C67: 8000 | D67: =IF(E24>$A$10,-100,(Sheet4!$A$7*'Engine Deck'!B74-Sheet4!E37)*E11/Sheet4!$B$2) -> -100 | E67: =IF(F24>$A$10,-100,(Sheet4!$A$7*'Engine Deck'!C74-Sheet4!F37)*F11/Sheet4!$B$2) -> -100 | F67: =IF(G24>$A$10,-100,(Sheet4!$A$7*'Engine Deck'!D74-Sheet4!G37)*G11/Sheet4!$B$2) -> -100 | G67: =IF(H24>$A$10,-100,(Sheet4!$A$7*'Engine Deck'!E74-Sheet4!H37)*H11/Sheet4!$B$2) -> -1.4922168 | H67: =IF(I24>$A$10,-100,(Sheet4!$A$7*'Engine Deck'!F74-Sheet4!I37)*I11/Sheet4!$B$2) -> 0.14669269 | I67: =IF(J24>$A$10,-100,(Sheet4!$A$7*'Engine Deck'!G74-Sheet4!J37)*J11/Sheet4!$B$2) -> -0.54526787 | J67: =IF(K24>$A$10,-100,(Sheet4!$A$7*'Engine Deck'!H74-Sheet4!K37)*K11/Sheet4!$B$2) -> -3.5187663 | K67: =IF(L24>$A$10,-100,(Sheet4!$A$7*'Engine Deck'!I74-Sheet4!L37)*L11/Sheet4!$B$2) -> -8.9529821 | ... N67: =IF(O24>$A$10,-100,(Sheet4!$A$7*'Engine Deck'!L74-Sheet4!O37)*O11/Sheet4!$B$2) -> -45.014743
C68: 9000 | D68: =IF(E25>$A$10,-100,(Sheet4!$A$7*'Engine Deck'!B75-Sheet4!E38)*E12/Sheet4!$B$2) -> -100 | E68: =IF(F25>$A$10,-100,(Sheet4!$A$7*'Engine Deck'!C75-Sheet4!F38)*F12/Sheet4!$B$2) -> -100 | F68: =IF(G25>$A$10,-100,(Sheet4!$A$7*'Engine Deck'!D75-Sheet4!G38)*G12/Sheet4!$B$2) -> -100 | G68: =IF(H25>$A$10,-100,(Sheet4!$A$7*'Engine Deck'!E75-Sheet4!H38)*H12/Sheet4!$B$2) -> -100 | H68: =IF(I25>$A$10,-100,(Sheet4!$A$7*'Engine Deck'!F75-Sheet4!I38)*I12/Sheet4!$B$2) -> -0.6083217 | I68: =IF(J25>$A$10,-100,(Sheet4!$A$7*'Engine Deck'!G75-Sheet4!J38)*J12/Sheet4!$B$2) -> -0.66514373 | J68: =IF(K25>$A$10,-100,(Sheet4!$A$7*'Engine Deck'!H75-Sheet4!K38)*K12/Sheet4!$B$2) -> -2.7688517 | K68: =IF(L25>$A$10,-100,(Sheet4!$A$7*'Engine Deck'!I75-Sheet4!L38)*L12/Sheet4!$B$2) -> -7.0204328 | ... N68: =IF(O25>$A$10,-100,(Sheet4!$A$7*'Engine Deck'!L75-Sheet4!O38)*O12/Sheet4!$B$2) -> -37.273865
C69: 10000 | D69: =IF(E26>$A$10,-100,(Sheet4!$A$7*'Engine Deck'!B76-Sheet4!E39)*E13/Sheet4!$B$2) -> -100 | E69: =IF(F26>$A$10,-100,(Sheet4!$A$7*'Engine Deck'!C76-Sheet4!F39)*F13/Sheet4!$B$2) -> -100 | F69: =IF(G26>$A$10,-100,(Sheet4!$A$7*'Engine Deck'!D76-Sheet4!G39)*G13/Sheet4!$B$2) -> -100 | G69: =IF(H26>$A$10,-100,(Sheet4!$A$7*'Engine Deck'!E76-Sheet4!H39)*H13/Sheet4!$B$2) -> -100 | H69: =IF(I26>$A$10,-100,(Sheet4!$A$7*'Engine Deck'!F76-Sheet4!I39)*I13/Sheet4!$B$2) -> -1.6797582 | I69: =IF(J26>$A$10,-100,(Sheet4!$A$7*'Engine Deck'!G76-Sheet4!J39)*J13/Sheet4!$B$2) -> -1.1733626 | J69: =IF(K26>$A$10,-100,(Sheet4!$A$7*'Engine Deck'!H76-Sheet4!K39)*K13/Sheet4!$B$2) -> -2.5263318 | K69: =IF(L26>$A$10,-100,(Sheet4!$A$7*'Engine Deck'!I76-Sheet4!L39)*L13/Sheet4!$B$2) -> -5.7654876 | ... N69: =IF(O26>$A$10,-100,(Sheet4!$A$7*'Engine Deck'!L76-Sheet4!O39)*O13/Sheet4!$B$2) -> -31.145462
C72: TR | D72: Mach
C73: 0.7 | D73: 0 | E73: 0.1 | F73: 0.2 | G73: 0.3 | H73: 0.4 | I73: 0.5 | J73: 0.6 | K73: 0.7 | L73: 0.8 | M73: 0.9 | N73: 1
C74: 0 | D74: =IF(E16>$A$10,-100,(Sheet4!$A$7*'Engine Deck'!B81-Sheet4!E29)*E3/Sheet4!$B$2) -> -100 | E74: =IF(F16>$A$10,-100,(Sheet4!$A$7*'Engine Deck'!C81-Sheet4!F29)*F3/Sheet4!$B$2) -> -100 | F74: =IF(G16>$A$10,-100,(Sheet4!$A$7*'Engine Deck'!D81-Sheet4!G29)*G3/Sheet4!$B$2) -> 4.9232535 | G74: =IF(H16>$A$10,-100,(Sheet4!$A$7*'Engine Deck'!E81-Sheet4!H29)*H3/Sheet4!$B$2) -> 6.6974376 | H74: =IF(I16>$A$10,-100,(Sheet4!$A$7*'Engine Deck'!F81-Sheet4!I29)*I3/Sheet4!$B$2) -> 3.7203785 | I74: =IF(J16>$A$10,-100,(Sheet4!$A$7*'Engine Deck'!G81-Sheet4!J29)*J3/Sheet4!$B$2) -> -4.6524335 | J74: =IF(K16>$A$10,-100,(Sheet4!$A$7*'Engine Deck'!H81-Sheet4!K29)*K3/Sheet4!$B$2) -> -19.403056 | K74: =IF(L16>$A$10,-100,(Sheet4!$A$7*'Engine Deck'!I81-Sheet4!L29)*L3/Sheet4!$B$2) -> -41.634719 | ... N74: =IF(O16>$A$10,-100,(Sheet4!$A$7*'Engine Deck'!L81-Sheet4!O29)*O3/Sheet4!$B$2) -> -166.03996 | O74: Altitude
C75: 1000 | D75: =IF(E17>$A$10,-100,(Sheet4!$A$7*'Engine Deck'!B82-Sheet4!E30)*E4/Sheet4!$B$2) -> -100 | E75: =IF(F17>$A$10,-100,(Sheet4!$A$7*'Engine Deck'!C82-Sheet4!F30)*F4/Sheet4!$B$2) -> -100 | F75: =IF(G17>$A$10,-100,(Sheet4!$A$7*'Engine Deck'!D82-Sheet4!G30)*G4/Sheet4!$B$2) -> 4.8141096 | G75: =IF(H17>$A$10,-100,(Sheet4!$A$7*'Engine Deck'!E82-Sheet4!H30)*H4/Sheet4!$B$2) -> 7.399573 | H75: =IF(I17>$A$10,-100,(Sheet4!$A$7*'Engine Deck'!F82-Sheet4!I30)*I4/Sheet4!$B$2) -> 5.6234658 | I75: =IF(J17>$A$10,-100,(Sheet4!$A$7*'Engine Deck'!G82-Sheet4!J30)*J4/Sheet4!$B$2) -> -0.95491354 | J75: =IF(K17>$A$10,-100,(Sheet4!$A$7*'Engine Deck'!H82-Sheet4!K30)*K4/Sheet4!$B$2) -> -13.144309 | K75: =IF(L17>$A$10,-100,(Sheet4!$A$7*'Engine Deck'!I82-Sheet4!L30)*L4/Sheet4!$B$2) -> -31.881368 | ... N75: =IF(O17>$A$10,-100,(Sheet4!$A$7*'Engine Deck'!L82-Sheet4!O30)*O4/Sheet4!$B$2) -> -138.60762
C76: 2000 | D76: =IF(E18>$A$10,-100,(Sheet4!$A$7*'Engine Deck'!B83-Sheet4!E31)*E5/Sheet4!$B$2) -> -100 | E76: =IF(F18>$A$10,-100,(Sheet4!$A$7*'Engine Deck'!C83-Sheet4!F31)*F5/Sheet4!$B$2) -> -100 | F76: =IF(G18>$A$10,-100,(Sheet4!$A$7*'Engine Deck'!D83-Sheet4!G31)*G5/Sheet4!$B$2) -> 4.3753224 | G76: =IF(H18>$A$10,-100,(Sheet4!$A$7*'Engine Deck'!E83-Sheet4!H31)*H5/Sheet4!$B$2) -> 7.6316704 | H76: =IF(I18>$A$10,-100,(Sheet4!$A$7*'Engine Deck'!F83-Sheet4!I31)*I5/Sheet4!$B$2) -> 6.8578722 | I76: =IF(J18>$A$10,-100,(Sheet4!$A$7*'Engine Deck'!G83-Sheet4!J31)*J5/Sheet4!$B$2) -> 1.8051319 | J76: =IF(K18>$A$10,-100,(Sheet4!$A$7*'Engine Deck'!H83-Sheet4!K31)*K5/Sheet4!$B$2) -> -8.1785273 | K76: =IF(L18>$A$10,-100,(Sheet4!$A$7*'Engine Deck'!I83-Sheet4!L31)*L5/Sheet4!$B$2) -> -23.881098 | ... N76: =IF(O18>$A$10,-100,(Sheet4!$A$7*'Engine Deck'!L83-Sheet4!O31)*O5/Sheet4!$B$2) -> -115.13895
C77: 3000 | D77: =IF(E19>$A$10,-100,(Sheet4!$A$7*'Engine Deck'!B84-Sheet4!E32)*E6/Sheet4!$B$2) -> -100 | E77: =IF(F19>$A$10,-100,(Sheet4!$A$7*'Engine Deck'!C84-Sheet4!F32)*F6/Sheet4!$B$2) -> -100 | F77: =IF(G19>$A$10,-100,(Sheet4!$A$7*'Engine Deck'!D84-Sheet4!G32)*G6/Sheet4!$B$2) -> -100 | G77: =IF(H19>$A$10,-100,(Sheet4!$A$7*'Engine Deck'!E84-Sheet4!H32)*H6/Sheet4!$B$2) -> 7.4507827 | H77: =IF(I19>$A$10,-100,(Sheet4!$A$7*'Engine Deck'!F84-Sheet4!I32)*I6/Sheet4!$B$2) -> 7.5103067 | I77: =IF(J19>$A$10,-100,(Sheet4!$A$7*'Engine Deck'!G84-Sheet4!J32)*J6/Sheet4!$B$2) -> 3.7489845 | J77: =IF(K19>$A$10,-100,(Sheet4!$A$7*'Engine Deck'!H84-Sheet4!K32)*K6/Sheet4!$B$2) -> -4.3425248 | K77: =IF(L19>$A$10,-100,(Sheet4!$A$7*'Engine Deck'!I84-Sheet4!L32)*L6/Sheet4!$B$2) -> -17.419372 | ... N77: =IF(O19>$A$10,-100,(Sheet4!$A$7*'Engine Deck'!L84-Sheet4!O32)*O6/Sheet4!$B$2) -> -95.191383
C78: 4000 | D78: =IF(E20>$A$10,-100,(Sheet4!$A$7*'Engine Deck'!B85-Sheet4!E33)*E7/Sheet4!$B$2) -> -100 | E78: =IF(F20>$A$10,-100,(Sheet4!$A$7*'Engine Deck'!C85-Sheet4!F33)*F7/Sheet4!$B$2) -> -100 | F78: =IF(G20>$A$10,-100,(Sheet4!$A$7*'Engine Deck'!D85-Sheet4!G33)*G7/Sheet4!$B$2) -> -100 | G78: =IF(H20>$A$10,-100,(Sheet4!$A$7*'Engine Deck'!E85-Sheet4!H33)*H7/Sheet4!$B$2) -> 6.9140056 | H78: =IF(I20>$A$10,-100,(Sheet4!$A$7*'Engine Deck'!F85-Sheet4!I33)*I7/Sheet4!$B$2) -> 7.6659546 | I78: =IF(J20>$A$10,-100,(Sheet4!$A$7*'Engine Deck'!G85-Sheet4!J33)*J7/Sheet4!$B$2) -> 4.9945602 | J78: =IF(K20>$A$10,-100,(Sheet4!$A$7*'Engine Deck'!H85-Sheet4!K33)*K7/Sheet4!$B$2) -> -1.4788562 | K78: =IF(L20>$A$10,-100,(Sheet4!$A$7*'Engine Deck'!I85-Sheet4!L33)*L7/Sheet4!$B$2) -> -12.290488 | ... N78: =IF(O20>$A$10,-100,(Sheet4!$A$7*'Engine Deck'!L85-Sheet4!O33)*O7/Sheet4!$B$2) -> -78.345388
C79: 5000 | D79: =IF(E21>$A$10,-100,(Sheet4!$A$7*'Engine Deck'!B86-Sheet4!E34)*E8/Sheet4!$B$2) -> -100 | E79: =IF(F21>$A$10,-100,(Sheet4!$A$7*'Engine Deck'!C86-Sheet4!F34)*F8/Sheet4!$B$2) -> -100 | F79: =IF(G21>$A$10,-100,(Sheet4!$A$7*'Engine Deck'!D86-Sheet4!G34)*G8/Sheet4!$B$2) -> -100 | G79: =IF(H21>$A$10,-100,(Sheet4!$A$7*'Engine Deck'!E86-Sheet4!H34)*H8/Sheet4!$B$2) -> 6.0694866 | H79: =IF(I21>$A$10,-100,(Sheet4!$A$7*'Engine Deck'!F86-Sheet4!I34)*I8/Sheet4!$B$2) -> 7.4021111 | I79: =IF(J21>$A$10,-100,(Sheet4!$A$7*'Engine Deck'!G86-Sheet4!J34)*J8/Sheet4!$B$2) -> 5.6524534 | J79: =IF(K21>$A$10,-100,(Sheet4!$A$7*'Engine Deck'!H86-Sheet4!K34)*K8/Sheet4!$B$2) -> 0.56304708 | K79: =IF(L21>$A$10,-100,(Sheet4!$A$7*'Engine Deck'!I86-Sheet4!L34)*L8/Sheet4!$B$2) -> -8.2951258 | ... N79: =IF(O21>$A$10,-100,(Sheet4!$A$7*'Engine Deck'!L86-Sheet4!O34)*O8/Sheet4!$B$2) -> -64.187235
C80: 6000 | D80: =IF(E22>$A$10,-100,(Sheet4!$A$7*'Engine Deck'!B87-Sheet4!E35)*E9/Sheet4!$B$2) -> -100 | E80: =IF(F22>$A$10,-100,(Sheet4!$A$7*'Engine Deck'!C87-Sheet4!F35)*F9/Sheet4!$B$2) -> -100 | F80: =IF(G22>$A$10,-100,(Sheet4!$A$7*'Engine Deck'!D87-Sheet4!G35)*G9/Sheet4!$B$2) -> -100 | G80: =IF(H22>$A$10,-100,(Sheet4!$A$7*'Engine Deck'!E87-Sheet4!H35)*H9/Sheet4!$B$2) -> 4.963847 | H80: =IF(I22>$A$10,-100,(Sheet4!$A$7*'Engine Deck'!F87-Sheet4!I35)*I9/Sheet4!$B$2) -> 6.7853871 | I80: =IF(J22>$A$10,-100,(Sheet4!$A$7*'Engine Deck'!G87-Sheet4!J35)*J9/Sheet4!$B$2) -> 5.8087529 | J80: =IF(K22>$A$10,-100,(Sheet4!$A$7*'Engine Deck'!H87-Sheet4!K35)*K9/Sheet4!$B$2) -> 1.8892736 | K80: =IF(L22>$A$10,-100,(Sheet4!$A$7*'Engine Deck'!I87-Sheet4!L35)*L9/Sheet4!$B$2) -> -5.305949 | ... N80: =IF(O22>$A$10,-100,(Sheet4!$A$7*'Engine Deck'!L87-Sheet4!O35)*O9/Sheet4!$B$2) -> -52.514951
C81: 7000 | D81: =IF(E23>$A$10,-100,(Sheet4!$A$7*'Engine Deck'!B88-Sheet4!E36)*E10/Sheet4!$B$2) -> -100 | E81: =IF(F23>$A$10,-100,(Sheet4!$A$7*'Engine Deck'!C88-Sheet4!F36)*F10/Sheet4!$B$2) -> -100 | F81: =IF(G23>$A$10,-100,(Sheet4!$A$7*'Engine Deck'!D88-Sheet4!G36)*G10/Sheet4!$B$2) -> -100 | G81: =IF(H23>$A$10,-100,(Sheet4!$A$7*'Engine Deck'!E88-Sheet4!H36)*H10/Sheet4!$B$2) -> 3.6134968 | H81: =IF(I23>$A$10,-100,(Sheet4!$A$7*'Engine Deck'!F88-Sheet4!I36)*I10/Sheet4!$B$2) -> 5.8619197 | I81: =IF(J23>$A$10,-100,(Sheet4!$A$7*'Engine Deck'!G88-Sheet4!J36)*J10/Sheet4!$B$2) -> 5.5466336 | J81: =IF(K23>$A$10,-100,(Sheet4!$A$7*'Engine Deck'!H88-Sheet4!K36)*K10/Sheet4!$B$2) -> 2.6311158 | K81: =IF(L23>$A$10,-100,(Sheet4!$A$7*'Engine Deck'!I88-Sheet4!L36)*L10/Sheet4!$B$2) -> -3.1293523 | ... N81: =IF(O23>$A$10,-100,(Sheet4!$A$7*'Engine Deck'!L88-Sheet4!O36)*O10/Sheet4!$B$2) -> -42.840448
C82: 8000 | D82: =IF(E24>$A$10,-100,(Sheet4!$A$7*'Engine Deck'!B89-Sheet4!E37)*E11/Sheet4!$B$2) -> -100 | E82: =IF(F24>$A$10,-100,(Sheet4!$A$7*'Engine Deck'!C89-Sheet4!F37)*F11/Sheet4!$B$2) -> -100 | F82: =IF(G24>$A$10,-100,(Sheet4!$A$7*'Engine Deck'!D89-Sheet4!G37)*G11/Sheet4!$B$2) -> -100 | G82: =IF(H24>$A$10,-100,(Sheet4!$A$7*'Engine Deck'!E89-Sheet4!H37)*H11/Sheet4!$B$2) -> 2.0419907 | H82: =IF(I24>$A$10,-100,(Sheet4!$A$7*'Engine Deck'!F89-Sheet4!I37)*I11/Sheet4!$B$2) -> 4.6723493 | I82: =IF(J24>$A$10,-100,(Sheet4!$A$7*'Engine Deck'!G89-Sheet4!J37)*J11/Sheet4!$B$2) -> 4.9226857 | J82: =IF(K24>$A$10,-100,(Sheet4!$A$7*'Engine Deck'!H89-Sheet4!K37)*K11/Sheet4!$B$2) -> 2.8612569 | K82: =IF(L24>$A$10,-100,(Sheet4!$A$7*'Engine Deck'!I89-Sheet4!L37)*L11/Sheet4!$B$2) -> -1.6756329 | ... N82: =IF(O24>$A$10,-100,(Sheet4!$A$7*'Engine Deck'!L89-Sheet4!O37)*O11/Sheet4!$B$2) -> -35.0162
C83: 9000 | D83: =IF(E25>$A$10,-100,(Sheet4!$A$7*'Engine Deck'!B90-Sheet4!E38)*E12/Sheet4!$B$2) -> -100 | E83: =IF(F25>$A$10,-100,(Sheet4!$A$7*'Engine Deck'!C90-Sheet4!F38)*F12/Sheet4!$B$2) -> -100 | F83: =IF(G25>$A$10,-100,(Sheet4!$A$7*'Engine Deck'!D90-Sheet4!G38)*G12/Sheet4!$B$2) -> -100 | G83: =IF(H25>$A$10,-100,(Sheet4!$A$7*'Engine Deck'!E90-Sheet4!H38)*H12/Sheet4!$B$2) -> -100 | H83: =IF(I25>$A$10,-100,(Sheet4!$A$7*'Engine Deck'!F90-Sheet4!I38)*I12/Sheet4!$B$2) -> 3.2470731 | I83: =IF(J25>$A$10,-100,(Sheet4!$A$7*'Engine Deck'!G90-Sheet4!J38)*J12/Sheet4!$B$2) -> 3.9929913 | J83: =IF(K25>$A$10,-100,(Sheet4!$A$7*'Engine Deck'!H90-Sheet4!K38)*K12/Sheet4!$B$2) -> 2.6662729 | K83: =IF(L25>$A$10,-100,(Sheet4!$A$7*'Engine Deck'!I90-Sheet4!L38)*L12/Sheet4!$B$2) -> -0.82087853 | ... N83: =IF(O25>$A$10,-100,(Sheet4!$A$7*'Engine Deck'!L90-Sheet4!O38)*O12/Sheet4!$B$2) -> -28.756132
C84: 10000 | D84: =IF(E26>$A$10,-100,(Sheet4!$A$7*'Engine Deck'!B91-Sheet4!E39)*E13/Sheet4!$B$2) -> -100 | E84: =IF(F26>$A$10,-100,(Sheet4!$A$7*'Engine Deck'!C91-Sheet4!F39)*F13/Sheet4!$B$2) -> -100 | F84: =IF(G26>$A$10,-100,(Sheet4!$A$7*'Engine Deck'!D91-Sheet4!G39)*G13/Sheet4!$B$2) -> -100 | G84: =IF(H26>$A$10,-100,(Sheet4!$A$7*'Engine Deck'!E91-Sheet4!H39)*H13/Sheet4!$B$2) -> -100 | H84: =IF(I26>$A$10,-100,(Sheet4!$A$7*'Engine Deck'!F91-Sheet4!I39)*I13/Sheet4!$B$2) -> 1.5904324 | I84: =IF(J26>$A$10,-100,(Sheet4!$A$7*'Engine Deck'!G91-Sheet4!J39)*J13/Sheet4!$B$2) -> 2.7777216 | J84: =IF(K26>$A$10,-100,(Sheet4!$A$7*'Engine Deck'!H91-Sheet4!K39)*K13/Sheet4!$B$2) -> 2.083804 | K84: =IF(L26>$A$10,-100,(Sheet4!$A$7*'Engine Deck'!I91-Sheet4!L39)*L13/Sheet4!$B$2) -> -0.50695369 | ... N84: =IF(O26>$A$10,-100,(Sheet4!$A$7*'Engine Deck'!L91-Sheet4!O39)*O13/Sheet4!$B$2) -> -23.920622
C87: TR | D87: Mach
C88: 0.8 | D88: 0 | E88: 0.1 | F88: 0.2 | G88: 0.3 | H88: 0.4 | I88: 0.5 | J88: 0.6 | K88: 0.7 | L88: 0.8 | M88: 0.9 | N88: 1
C89: 0 | D89: =IF(E16>$A$10,-100,(Sheet4!$A$7*'Engine Deck'!B96-Sheet4!E29)*E3/Sheet4!$B$2) -> -100 | E89: =IF(F16>$A$10,-100,(Sheet4!$A$7*'Engine Deck'!C96-Sheet4!F29)*F3/Sheet4!$B$2) -> -100 | F89: =IF(G16>$A$10,-100,(Sheet4!$A$7*'Engine Deck'!D96-Sheet4!G29)*G3/Sheet4!$B$2) -> 12.67603 | G89: =IF(H16>$A$10,-100,(Sheet4!$A$7*'Engine Deck'!E96-Sheet4!H29)*H3/Sheet4!$B$2) -> 17.789497 | H89: =IF(I16>$A$10,-100,(Sheet4!$A$7*'Engine Deck'!F96-Sheet4!I29)*I3/Sheet4!$B$2) -> 17.924087 | I89: =IF(J16>$A$10,-100,(Sheet4!$A$7*'Engine Deck'!G96-Sheet4!J29)*J3/Sheet4!$B$2) -> 12.508661 | J89: =IF(K16>$A$10,-100,(Sheet4!$A$7*'Engine Deck'!H96-Sheet4!K29)*K3/Sheet4!$B$2) -> 0.62055588 | K89: =IF(L16>$A$10,-100,(Sheet4!$A$7*'Engine Deck'!I96-Sheet4!L29)*L3/Sheet4!$B$2) -> -18.794863 | ... N89: =IF(O16>$A$10,-100,(Sheet4!$A$7*'Engine Deck'!L96-Sheet4!O29)*O3/Sheet4!$B$2) -> -134.65967 | O89: Altitude
C90: 1000 | D90: =IF(E17>$A$10,-100,(Sheet4!$A$7*'Engine Deck'!B97-Sheet4!E30)*E4/Sheet4!$B$2) -> -100 | E90: =IF(F17>$A$10,-100,(Sheet4!$A$7*'Engine Deck'!C97-Sheet4!F30)*F4/Sheet4!$B$2) -> -100 | F90: =IF(G17>$A$10,-100,(Sheet4!$A$7*'Engine Deck'!D97-Sheet4!G30)*G4/Sheet4!$B$2) -> 11.614047 | G90: =IF(H17>$A$10,-100,(Sheet4!$A$7*'Engine Deck'!E97-Sheet4!H30)*H4/Sheet4!$B$2) -> 17.128386 | H90: =IF(I17>$A$10,-100,(Sheet4!$A$7*'Engine Deck'!F97-Sheet4!I30)*I4/Sheet4!$B$2) -> 18.081497 | I90: =IF(J17>$A$10,-100,(Sheet4!$A$7*'Engine Deck'!G97-Sheet4!J30)*J4/Sheet4!$B$2) -> 14.097032 | J90: =IF(K17>$A$10,-100,(Sheet4!$A$7*'Engine Deck'!H97-Sheet4!K30)*K4/Sheet4!$B$2) -> 4.4183423 | K90: =IF(L17>$A$10,-100,(Sheet4!$A$7*'Engine Deck'!I97-Sheet4!L30)*L4/Sheet4!$B$2) -> -11.848597 | ... N90: =IF(O17>$A$10,-100,(Sheet4!$A$7*'Engine Deck'!L97-Sheet4!O30)*O4/Sheet4!$B$2) -> -111.08406
C91: 2000 | D91: =IF(E18>$A$10,-100,(Sheet4!$A$7*'Engine Deck'!B98-Sheet4!E31)*E5/Sheet4!$B$2) -> -100 | E91: =IF(F18>$A$10,-100,(Sheet4!$A$7*'Engine Deck'!C98-Sheet4!F31)*F5/Sheet4!$B$2) -> -100 | F91: =IF(G18>$A$10,-100,(Sheet4!$A$7*'Engine Deck'!D98-Sheet4!G31)*G5/Sheet4!$B$2) -> 10.320224 | G91: =IF(H18>$A$10,-100,(Sheet4!$A$7*'Engine Deck'!E98-Sheet4!H31)*H5/Sheet4!$B$2) -> 16.137165 | H91: =IF(I18>$A$10,-100,(Sheet4!$A$7*'Engine Deck'!F98-Sheet4!I31)*I5/Sheet4!$B$2) -> 17.749409 | I91: =IF(J18>$A$10,-100,(Sheet4!$A$7*'Engine Deck'!G98-Sheet4!J31)*J5/Sheet4!$B$2) -> 14.964419 | J91: =IF(K18>$A$10,-100,(Sheet4!$A$7*'Engine Deck'!H98-Sheet4!K31)*K5/Sheet4!$B$2) -> 7.1757648 | K91: =IF(L18>$A$10,-100,(Sheet4!$A$7*'Engine Deck'!I98-Sheet4!L31)*L5/Sheet4!$B$2) -> -6.367283 | ... N91: =IF(O18>$A$10,-100,(Sheet4!$A$7*'Engine Deck'!L98-Sheet4!O31)*O5/Sheet4!$B$2) -> -91.076257
C92: 3000 | D92: =IF(E19>$A$10,-100,(Sheet4!$A$7*'Engine Deck'!B99-Sheet4!E32)*E6/Sheet4!$B$2) -> -100 | E92: =IF(F19>$A$10,-100,(Sheet4!$A$7*'Engine Deck'!C99-Sheet4!F32)*F6/Sheet4!$B$2) -> -100 | F92: =IF(G19>$A$10,-100,(Sheet4!$A$7*'Engine Deck'!D99-Sheet4!G32)*G6/Sheet4!$B$2) -> -100 | G92: =IF(H19>$A$10,-100,(Sheet4!$A$7*'Engine Deck'!E99-Sheet4!H32)*H6/Sheet4!$B$2) -> 14.864743 | H92: =IF(I19>$A$10,-100,(Sheet4!$A$7*'Engine Deck'!F99-Sheet4!I32)*I6/Sheet4!$B$2) -> 17.004101 | I92: =IF(J19>$A$10,-100,(Sheet4!$A$7*'Engine Deck'!G99-Sheet4!J32)*J6/Sheet4!$B$2) -> 15.219503 | J92: =IF(K19>$A$10,-100,(Sheet4!$A$7*'Engine Deck'!H99-Sheet4!K32)*K6/Sheet4!$B$2) -> 9.0413075 | K92: =IF(L19>$A$10,-100,(Sheet4!$A$7*'Engine Deck'!I99-Sheet4!L32)*L6/Sheet4!$B$2) -> -2.1531547 | ... N92: =IF(O19>$A$10,-100,(Sheet4!$A$7*'Engine Deck'!L99-Sheet4!O32)*O6/Sheet4!$B$2) -> -74.21672
C93: 4000 | D93: =IF(E20>$A$10,-100,(Sheet4!$A$7*'Engine Deck'!B100-Sheet4!E33)*E7/Sheet4!$B$2) -> -100 | E93: =IF(F20>$A$10,-100,(Sheet4!$A$7*'Engine Deck'!C100-Sheet4!F33)*F7/Sheet4!$B$2) -> -100 | F93: =IF(G20>$A$10,-100,(Sheet4!$A$7*'Engine Deck'!D100-Sheet4!G33)*G7/Sheet4!$B$2) -> -100 | G93: =IF(H20>$A$10,-100,(Sheet4!$A$7*'Engine Deck'!E100-Sheet4!H33)*H7/Sheet4!$B$2) -> 13.354109 | H93: =IF(I20>$A$10,-100,(Sheet4!$A$7*'Engine Deck'!F100-Sheet4!I33)*I7/Sheet4!$B$2) -> 15.912696 | I93: =IF(J20>$A$10,-100,(Sheet4!$A$7*'Engine Deck'!G100-Sheet4!J33)*J7/Sheet4!$B$2) -> 14.958374 | J93: =IF(K20>$A$10,-100,(Sheet4!$A$7*'Engine Deck'!H100-Sheet4!K33)*K7/Sheet4!$B$2) -> 10.146949 | K93: =IF(L20>$A$10,-100,(Sheet4!$A$7*'Engine Deck'!I100-Sheet4!L33)*L7/Sheet4!$B$2) -> 0.9704432 | ... N93: =IF(O20>$A$10,-100,(Sheet4!$A$7*'Engine Deck'!L100-Sheet4!O33)*O7/Sheet4!$B$2) -> -60.125842
C94: 5000 | D94: =IF(E21>$A$10,-100,(Sheet4!$A$7*'Engine Deck'!B101-Sheet4!E34)*E8/Sheet4!$B$2) -> -100 | E94: =IF(F21>$A$10,-100,(Sheet4!$A$7*'Engine Deck'!C101-Sheet4!F34)*F8/Sheet4!$B$2) -> -100 | F94: =IF(G21>$A$10,-100,(Sheet4!$A$7*'Engine Deck'!D101-Sheet4!G34)*G8/Sheet4!$B$2) -> -100 | G94: =IF(H21>$A$10,-100,(Sheet4!$A$7*'Engine Deck'!E101-Sheet4!H34)*H8/Sheet4!$B$2) -> 11.643455 | H94: =IF(I21>$A$10,-100,(Sheet4!$A$7*'Engine Deck'!F101-Sheet4!I34)*I8/Sheet4!$B$2) -> 14.539742 | I94: =IF(J21>$A$10,-100,(Sheet4!$A$7*'Engine Deck'!G101-Sheet4!J34)*J8/Sheet4!$B$2) -> 14.276226 | J94: =IF(K21>$A$10,-100,(Sheet4!$A$7*'Engine Deck'!H101-Sheet4!K34)*K8/Sheet4!$B$2) -> 10.625289 | K94: =IF(L21>$A$10,-100,(Sheet4!$A$7*'Engine Deck'!I101-Sheet4!L34)*L8/Sheet4!$B$2) -> 3.1823321 | ... N94: =IF(O21>$A$10,-100,(Sheet4!$A$7*'Engine Deck'!L101-Sheet4!O34)*O8/Sheet4!$B$2) -> -48.41805
C95: 6000 | D95: =IF(E22>$A$10,-100,(Sheet4!$A$7*'Engine Deck'!B102-Sheet4!E35)*E9/Sheet4!$B$2) -> -100 | E95: =IF(F22>$A$10,-100,(Sheet4!$A$7*'Engine Deck'!C102-Sheet4!F35)*F9/Sheet4!$B$2) -> -100 | F95: =IF(G22>$A$10,-100,(Sheet4!$A$7*'Engine Deck'!D102-Sheet4!G35)*G9/Sheet4!$B$2) -> -100 | G95: =IF(H22>$A$10,-100,(Sheet4!$A$7*'Engine Deck'!E102-Sheet4!H35)*H9/Sheet4!$B$2) -> 9.772689 | H95: =IF(I22>$A$10,-100,(Sheet4!$A$7*'Engine Deck'!F102-Sheet4!I35)*I9/Sheet4!$B$2) -> 12.943251 | I95: =IF(J22>$A$10,-100,(Sheet4!$A$7*'Engine Deck'!G102-Sheet4!J35)*J9/Sheet4!$B$2) -> 13.248759 | J95: =IF(K22>$A$10,-100,(Sheet4!$A$7*'Engine Deck'!H102-Sheet4!K35)*K9/Sheet4!$B$2) -> 10.570293 | K95: =IF(L22>$A$10,-100,(Sheet4!$A$7*'Engine Deck'!I102-Sheet4!L35)*L9/Sheet4!$B$2) -> 4.5960226 | ... N95: =IF(O22>$A$10,-100,(Sheet4!$A$7*'Engine Deck'!L102-Sheet4!O35)*O9/Sheet4!$B$2) -> -38.910368
C96: 7000 | D96: =IF(E23>$A$10,-100,(Sheet4!$A$7*'Engine Deck'!B103-Sheet4!E36)*E10/Sheet4!$B$2) -> -100 | E96: =IF(F23>$A$10,-100,(Sheet4!$A$7*'Engine Deck'!C103-Sheet4!F36)*F10/Sheet4!$B$2) -> -100 | F96: =IF(G23>$A$10,-100,(Sheet4!$A$7*'Engine Deck'!D103-Sheet4!G36)*G10/Sheet4!$B$2) -> -100 | G96: =IF(H23>$A$10,-100,(Sheet4!$A$7*'Engine Deck'!E103-Sheet4!H36)*H10/Sheet4!$B$2) -> 7.744545 | H96: =IF(I23>$A$10,-100,(Sheet4!$A$7*'Engine Deck'!F103-Sheet4!I36)*I10/Sheet4!$B$2) -> 11.151849 | I96: =IF(J23>$A$10,-100,(Sheet4!$A$7*'Engine Deck'!G103-Sheet4!J36)*J10/Sheet4!$B$2) -> 11.93799 | J96: =IF(K23>$A$10,-100,(Sheet4!$A$7*'Engine Deck'!H103-Sheet4!K36)*K10/Sheet4!$B$2) -> 10.088568 | K96: =IF(L23>$A$10,-100,(Sheet4!$A$7*'Engine Deck'!I103-Sheet4!L36)*L10/Sheet4!$B$2) -> 5.3769622 | ... N96: =IF(O23>$A$10,-100,(Sheet4!$A$7*'Engine Deck'!L103-Sheet4!O36)*O10/Sheet4!$B$2) -> -31.153396
C97: 8000 | D97: =IF(E24>$A$10,-100,(Sheet4!$A$7*'Engine Deck'!B104-Sheet4!E37)*E11/Sheet4!$B$2) -> -100 | E97: =IF(F24>$A$10,-100,(Sheet4!$A$7*'Engine Deck'!C104-Sheet4!F37)*F11/Sheet4!$B$2) -> -100 | F97: =IF(G24>$A$10,-100,(Sheet4!$A$7*'Engine Deck'!D104-Sheet4!G37)*G11/Sheet4!$B$2) -> -100 | G97: =IF(H24>$A$10,-100,(Sheet4!$A$7*'Engine Deck'!E104-Sheet4!H37)*H11/Sheet4!$B$2) -> 5.5761982 | H97: =IF(I24>$A$10,-100,(Sheet4!$A$7*'Engine Deck'!F104-Sheet4!I37)*I11/Sheet4!$B$2) -> 9.1980059 | I97: =IF(J24>$A$10,-100,(Sheet4!$A$7*'Engine Deck'!G104-Sheet4!J37)*J11/Sheet4!$B$2) -> 10.390639 | J97: =IF(K24>$A$10,-100,(Sheet4!$A$7*'Engine Deck'!H104-Sheet4!K37)*K11/Sheet4!$B$2) -> 9.24128 | K97: =IF(L24>$A$10,-100,(Sheet4!$A$7*'Engine Deck'!I104-Sheet4!L37)*L11/Sheet4!$B$2) -> 5.6017162 | ... N97: =IF(O24>$A$10,-100,(Sheet4!$A$7*'Engine Deck'!L104-Sheet4!O37)*O11/Sheet4!$B$2) -> -25.017656
C98: 9000 | D98: =IF(E25>$A$10,-100,(Sheet4!$A$7*'Engine Deck'!B105-Sheet4!E38)*E12/Sheet4!$B$2) -> -100 | E98: =IF(F25>$A$10,-100,(Sheet4!$A$7*'Engine Deck'!C105-Sheet4!F38)*F12/Sheet4!$B$2) -> -100 | F98: =IF(G25>$A$10,-100,(Sheet4!$A$7*'Engine Deck'!D105-Sheet4!G38)*G12/Sheet4!$B$2) -> -100 | G98: =IF(H25>$A$10,-100,(Sheet4!$A$7*'Engine Deck'!E105-Sheet4!H38)*H12/Sheet4!$B$2) -> -100 | H98: =IF(I25>$A$10,-100,(Sheet4!$A$7*'Engine Deck'!F105-Sheet4!I38)*I12/Sheet4!$B$2) -> 7.1024678 | I98: =IF(J25>$A$10,-100,(Sheet4!$A$7*'Engine Deck'!G105-Sheet4!J38)*J12/Sheet4!$B$2) -> 8.6511263 | J98: =IF(K25>$A$10,-100,(Sheet4!$A$7*'Engine Deck'!H105-Sheet4!K38)*K12/Sheet4!$B$2) -> 8.1013975 | K98: =IF(L25>$A$10,-100,(Sheet4!$A$7*'Engine Deck'!I105-Sheet4!L38)*L12/Sheet4!$B$2) -> 5.3786757 | ... N98: =IF(O25>$A$10,-100,(Sheet4!$A$7*'Engine Deck'!L105-Sheet4!O38)*O12/Sheet4!$B$2) -> -20.2384
C99: 10000 | D99: =IF(E26>$A$10,-100,(Sheet4!$A$7*'Engine Deck'!B106-Sheet4!E39)*E13/Sheet4!$B$2) -> -100 | E99: =IF(F26>$A$10,-100,(Sheet4!$A$7*'Engine Deck'!C106-Sheet4!F39)*F13/Sheet4!$B$2) -> -100 | F99: =IF(G26>$A$10,-100,(Sheet4!$A$7*'Engine Deck'!D106-Sheet4!G39)*G13/Sheet4!$B$2) -> -100 | G99: =IF(H26>$A$10,-100,(Sheet4!$A$7*'Engine Deck'!E106-Sheet4!H39)*H13/Sheet4!$B$2) -> -100 | H99: =IF(I26>$A$10,-100,(Sheet4!$A$7*'Engine Deck'!F106-Sheet4!I39)*I13/Sheet4!$B$2) -> 4.8521794 | I99: =IF(J26>$A$10,-100,(Sheet4!$A$7*'Engine Deck'!G106-Sheet4!J39)*J13/Sheet4!$B$2) -> 6.7288058 | J99: =IF(K26>$A$10,-100,(Sheet4!$A$7*'Engine Deck'!H106-Sheet4!K39)*K13/Sheet4!$B$2) -> 6.6939398 | K99: =IF(L26>$A$10,-100,(Sheet4!$A$7*'Engine Deck'!I106-Sheet4!L39)*L13/Sheet4!$B$2) -> 4.7515802 | ... N99: =IF(O26>$A$10,-100,(Sheet4!$A$7*'Engine Deck'!L106-Sheet4!O39)*O13/Sheet4!$B$2) -> -16.695782
C102: TR | D102: Mach
C103: 0.9 | D103: 0 | E103: 0.1 | F103: 0.2 | G103: 0.3 | H103: 0.4 | I103: 0.5 | J103: 0.6 | K103: 0.7 | L103: 0.8 | M103: 0.9 | N103: 1
C104: 0 | D104: =IF(E16>$A$10,-100,(Sheet4!$A$7*'Engine Deck'!B111-Sheet4!E29)*E3/Sheet4!$B$2) -> -100 | E104: =IF(F16>$A$10,-100,(Sheet4!$A$7*'Engine Deck'!C111-Sheet4!F29)*F3/Sheet4!$B$2) -> -100 | F104: =IF(G16>$A$10,-100,(Sheet4!$A$7*'Engine Deck'!D111-Sheet4!G29)*G3/Sheet4!$B$2) -> 20.428807 | G104: =IF(H16>$A$10,-100,(Sheet4!$A$7*'Engine Deck'!E111-Sheet4!H29)*H3/Sheet4!$B$2) -> 28.881557 | H104: =IF(I16>$A$10,-100,(Sheet4!$A$7*'Engine Deck'!F111-Sheet4!I29)*I3/Sheet4!$B$2) -> 32.127796 | I104: =IF(J16>$A$10,-100,(Sheet4!$A$7*'Engine Deck'!G111-Sheet4!J29)*J3/Sheet4!$B$2) -> 29.669755 | J104: =IF(K16>$A$10,-100,(Sheet4!$A$7*'Engine Deck'!H111-Sheet4!K29)*K3/Sheet4!$B$2) -> 20.644168 | K104: =IF(L16>$A$10,-100,(Sheet4!$A$7*'Engine Deck'!I111-Sheet4!L29)*L3/Sheet4!$B$2) -> 4.044994 | ... N104: =IF(O16>$A$10,-100,(Sheet4!$A$7*'Engine Deck'!L111-Sheet4!O29)*O3/Sheet4!$B$2) -> -103.27938 | O104: Altitude
C105: 1000 | D105: =IF(E17>$A$10,-100,(Sheet4!$A$7*'Engine Deck'!B112-Sheet4!E30)*E4/Sheet4!$B$2) -> -100 | E105: =IF(F17>$A$10,-100,(Sheet4!$A$7*'Engine Deck'!C112-Sheet4!F30)*F4/Sheet4!$B$2) -> -100 | F105: =IF(G17>$A$10,-100,(Sheet4!$A$7*'Engine Deck'!D112-Sheet4!G30)*G4/Sheet4!$B$2) -> 18.413985 | G105: =IF(H17>$A$10,-100,(Sheet4!$A$7*'Engine Deck'!E112-Sheet4!H30)*H4/Sheet4!$B$2) -> 26.857199 | H105: =IF(I17>$A$10,-100,(Sheet4!$A$7*'Engine Deck'!F112-Sheet4!I30)*I4/Sheet4!$B$2) -> 30.539528 | I105: =IF(J17>$A$10,-100,(Sheet4!$A$7*'Engine Deck'!G112-Sheet4!J30)*J4/Sheet4!$B$2) -> 29.148978 | J105: =IF(K17>$A$10,-100,(Sheet4!$A$7*'Engine Deck'!H112-Sheet4!K30)*K4/Sheet4!$B$2) -> 21.980993 | K105: =IF(L17>$A$10,-100,(Sheet4!$A$7*'Engine Deck'!I112-Sheet4!L30)*L4/Sheet4!$B$2) -> 8.1841744 | ... N105: =IF(O17>$A$10,-100,(Sheet4!$A$7*'Engine Deck'!L112-Sheet4!O30)*O4/Sheet4!$B$2) -> -83.560506
C106: 2000 | D106: =IF(E18>$A$10,-100,(Sheet4!$A$7*'Engine Deck'!B113-Sheet4!E31)*E5/Sheet4!$B$2) -> -100 | E106: =IF(F18>$A$10,-100,(Sheet4!$A$7*'Engine Deck'!C113-Sheet4!F31)*F5/Sheet4!$B$2) -> -100 | F106: =IF(G18>$A$10,-100,(Sheet4!$A$7*'Engine Deck'!D113-Sheet4!G31)*G5/Sheet4!$B$2) -> 16.265125 | G106: =IF(H18>$A$10,-100,(Sheet4!$A$7*'Engine Deck'!E113-Sheet4!H31)*H5/Sheet4!$B$2) -> 24.64266 | H106: =IF(I18>$A$10,-100,(Sheet4!$A$7*'Engine Deck'!F113-Sheet4!I31)*I5/Sheet4!$B$2) -> 28.640945 | I106: =IF(J18>$A$10,-100,(Sheet4!$A$7*'Engine Deck'!G113-Sheet4!J31)*J5/Sheet4!$B$2) -> 28.123706 | J106: =IF(K18>$A$10,-100,(Sheet4!$A$7*'Engine Deck'!H113-Sheet4!K31)*K5/Sheet4!$B$2) -> 22.530057 | K106: =IF(L18>$A$10,-100,(Sheet4!$A$7*'Engine Deck'!I113-Sheet4!L31)*L5/Sheet4!$B$2) -> 11.146532 | ... N106: =IF(O18>$A$10,-100,(Sheet4!$A$7*'Engine Deck'!L113-Sheet4!O31)*O5/Sheet4!$B$2) -> -67.013561
C107: 3000 | D107: =IF(E19>$A$10,-100,(Sheet4!$A$7*'Engine Deck'!B114-Sheet4!E32)*E6/Sheet4!$B$2) -> -100 | E107: =IF(F19>$A$10,-100,(Sheet4!$A$7*'Engine Deck'!C114-Sheet4!F32)*F6/Sheet4!$B$2) -> -100 | F107: =IF(G19>$A$10,-100,(Sheet4!$A$7*'Engine Deck'!D114-Sheet4!G32)*G6/Sheet4!$B$2) -> -100 | G107: =IF(H19>$A$10,-100,(Sheet4!$A$7*'Engine Deck'!E114-Sheet4!H32)*H6/Sheet4!$B$2) -> 22.278704 | H107: =IF(I19>$A$10,-100,(Sheet4!$A$7*'Engine Deck'!F114-Sheet4!I32)*I6/Sheet4!$B$2) -> 26.497896 | I107: =IF(J19>$A$10,-100,(Sheet4!$A$7*'Engine Deck'!G114-Sheet4!J32)*J6/Sheet4!$B$2) -> 26.690022 | J107: =IF(K19>$A$10,-100,(Sheet4!$A$7*'Engine Deck'!H114-Sheet4!K32)*K6/Sheet4!$B$2) -> 22.42514 | K107: =IF(L19>$A$10,-100,(Sheet4!$A$7*'Engine Deck'!I114-Sheet4!L32)*L6/Sheet4!$B$2) -> 13.113063 | ... N107: =IF(O19>$A$10,-100,(Sheet4!$A$7*'Engine Deck'!L114-Sheet4!O32)*O6/Sheet4!$B$2) -> -53.242058
C108: 4000 | D108: =IF(E20>$A$10,-100,(Sheet4!$A$7*'Engine Deck'!B115-Sheet4!E33)*E7/Sheet4!$B$2) -> -100 | E108: =IF(F20>$A$10,-100,(Sheet4!$A$7*'Engine Deck'!C115-Sheet4!F33)*F7/Sheet4!$B$2) -> -100 | F108: =IF(G20>$A$10,-100,(Sheet4!$A$7*'Engine Deck'!D115-Sheet4!G33)*G7/Sheet4!$B$2) -> -100 | G108: =IF(H20>$A$10,-100,(Sheet4!$A$7*'Engine Deck'!E115-Sheet4!H33)*H7/Sheet4!$B$2) -> 19.794212 | H108: =IF(I20>$A$10,-100,(Sheet4!$A$7*'Engine Deck'!F115-Sheet4!I33)*I7/Sheet4!$B$2) -> 24.159438 | I108: =IF(J20>$A$10,-100,(Sheet4!$A$7*'Engine Deck'!G115-Sheet4!J33)*J7/Sheet4!$B$2) -> 24.922189 | J108: =IF(K20>$A$10,-100,(Sheet4!$A$7*'Engine Deck'!H115-Sheet4!K33)*K7/Sheet4!$B$2) -> 21.772755 | K108: =IF(L20>$A$10,-100,(Sheet4!$A$7*'Engine Deck'!I115-Sheet4!L33)*L7/Sheet4!$B$2) -> 14.231374 | ... N108: =IF(O20>$A$10,-100,(Sheet4!$A$7*'Engine Deck'!L115-Sheet4!O33)*O7/Sheet4!$B$2) -> -41.906296
C109: 5000 | D109: =IF(E21>$A$10,-100,(Sheet4!$A$7*'Engine Deck'!B116-Sheet4!E34)*E8/Sheet4!$B$2) -> -100 | E109: =IF(F21>$A$10,-100,(Sheet4!$A$7*'Engine Deck'!C116-Sheet4!F34)*F8/Sheet4!$B$2) -> -100 | F109: =IF(G21>$A$10,-100,(Sheet4!$A$7*'Engine Deck'!D116-Sheet4!G34)*G8/Sheet4!$B$2) -> -100 | G109: =IF(H21>$A$10,-100,(Sheet4!$A$7*'Engine Deck'!E116-Sheet4!H34)*H8/Sheet4!$B$2) -> 17.217424 | H109: =IF(I21>$A$10,-100,(Sheet4!$A$7*'Engine Deck'!F116-Sheet4!I34)*I8/Sheet4!$B$2) -> 21.677373 | I109: =IF(J21>$A$10,-100,(Sheet4!$A$7*'Engine Deck'!G116-Sheet4!J34)*J8/Sheet4!$B$2) -> 22.9 | J109: =IF(K21>$A$10,-100,(Sheet4!$A$7*'Engine Deck'!H116-Sheet4!K34)*K8/Sheet4!$B$2) -> 20.687531 | K109: =IF(L21>$A$10,-100,(Sheet4!$A$7*'Engine Deck'!I116-Sheet4!L34)*L8/Sheet4!$B$2) -> 14.65979 | ... N109: =IF(O21>$A$10,-100,(Sheet4!$A$7*'Engine Deck'!L116-Sheet4!O34)*O8/Sheet4!$B$2) -> -32.648865
C110: 6000 | D110: =IF(E22>$A$10,-100,(Sheet4!$A$7*'Engine Deck'!B117-Sheet4!E35)*E9/Sheet4!$B$2) -> -100 | E110: =IF(F22>$A$10,-100,(Sheet4!$A$7*'Engine Deck'!C117-Sheet4!F35)*F9/Sheet4!$B$2) -> -100 | F110: =IF(G22>$A$10,-100,(Sheet4!$A$7*'Engine Deck'!D117-Sheet4!G35)*G9/Sheet4!$B$2) -> -100 | G110: =IF(H22>$A$10,-100,(Sheet4!$A$7*'Engine Deck'!E117-Sheet4!H35)*H9/Sheet4!$B$2) -> 13.638721 | H110: =IF(I22>$A$10,-100,(Sheet4!$A$7*'Engine Deck'!F117-Sheet4!I35)*I9/Sheet4!$B$2) -> 18.639387 | I110: =IF(J22>$A$10,-100,(Sheet4!$A$7*'Engine Deck'!G117-Sheet4!J35)*J9/Sheet4!$B$2) -> 20.688765 | J110: =IF(K22>$A$10,-100,(Sheet4!$A$7*'Engine Deck'!H117-Sheet4!K35)*K9/Sheet4!$B$2) -> 19.251312 | K110: =IF(L22>$A$10,-100,(Sheet4!$A$7*'Engine Deck'!I117-Sheet4!L35)*L9/Sheet4!$B$2) -> 14.497994 | ... N110: =IF(O22>$A$10,-100,(Sheet4!$A$7*'Engine Deck'!L117-Sheet4!O35)*O9/Sheet4!$B$2) -> -25.305786
...
